level,gear,owner,item,maxHpBefore,maxHpAfter,beforeBase,afterBase,beforeRequested,afterRequested,beforeActual,afterActual,beforeFraction,afterFraction
5,False,PLAYER_CUSTOM,FOOD_TEA_BREAK_PANCAKE,931,931,90,90,140,140,140,140,0.15037593984962405,0.15037593984962405
5,False,PLAYER_CUSTOM,FOOD_SWEET_MADAME,931,931,180,180,279,279,279,279,0.2996777658431794,0.2996777658431794
5,False,PLAYER_CUSTOM,FOOD_HASH_BROWN,931,931,220,340,341,528,341,528,0.36627282491944146,0.5671321160042965
5,False,PLAYER_CUSTOM,FOOD_PIZZA,931,931,130,260,202,404,202,404,0.21697099892588614,0.4339419978517723
5,False,PLAYER_CUSTOM,FOOD_PANCAKE_TEA_BREAK,931,931,170,240,264,372,264,372,0.28356605800214824,0.3995703544575725
5,False,PLAYER_CUSTOM,FOOD_VEGETARIAN_ABALONE,931,931,170,360,264,559,264,559,0.28356605800214824,0.6004296455424275
5,False,PLAYER_CUSTOM,FOOD_PERCH_STEW,931,931,260,440,404,683,404,683,0.4339419978517723,0.7336197636949516
5,False,PLAYER_CUSTOM,FOOD_CRAB_HAM_BAKE,931,931,230,400,357,621,357,621,0.38345864661654133,0.6670247046186896
5,False,PLAYER_CUSTOM,FOOD_FULLMOON_EGG,931,931,230,420,357,652,357,652,0.38345864661654133,0.7003222341568206
5,False,PLAYER_CUSTOM,FOOD_FISH_NOODLES,931,931,170,360,264,559,264,559,0.28356605800214824,0.6004296455424275
5,False,PLAYER_CUSTOM,FOOD_LUCKY_SNOW_DELIGHT,931,931,270,440,419,683,419,683,0.45005370569280345,0.7336197636949516
5,False,MOND_AMBER,FOOD_TEA_BREAK_PANCAKE,1009,1009,90,90,140,140,140,140,0.13875123885034688,0.13875123885034688
5,False,MOND_AMBER,FOOD_SWEET_MADAME,1009,1009,180,180,279,279,279,279,0.27651139742319125,0.27651139742319125
5,False,MOND_AMBER,FOOD_HASH_BROWN,1009,1009,220,340,341,528,341,528,0.3379583746283449,0.5232903865213082
5,False,MOND_AMBER,FOOD_PIZZA,1009,1009,130,260,202,404,202,404,0.2001982160555005,0.400396432111001
5,False,MOND_AMBER,FOOD_PANCAKE_TEA_BREAK,1009,1009,170,240,264,372,264,372,0.2616451932606541,0.3686818632309217
5,False,MOND_AMBER,FOOD_VEGETARIAN_ABALONE,1009,1009,170,360,264,559,264,559,0.2616451932606541,0.554013875123885
5,False,MOND_AMBER,FOOD_PERCH_STEW,1009,1009,260,440,404,683,404,683,0.400396432111001,0.6769078295341923
5,False,MOND_AMBER,FOOD_CRAB_HAM_BAKE,1009,1009,230,400,357,621,357,621,0.3538156590683845,0.6154608523290387
5,False,MOND_AMBER,FOOD_FULLMOON_EGG,1009,1009,230,420,357,652,357,652,0.3538156590683845,0.6461843409316155
5,False,MOND_AMBER,FOOD_FISH_NOODLES,1009,1009,170,360,264,559,264,559,0.2616451932606541,0.554013875123885
5,False,MOND_AMBER,FOOD_LUCKY_SNOW_DELIGHT,1009,1009,270,440,419,683,419,683,0.41526263627353815,0.6769078295341923
5,False,MOND_JEAN,FOOD_TEA_BREAK_PANCAKE,1297,1297,90,90,140,140,140,140,0.1079414032382421,0.1079414032382421
5,False,MOND_JEAN,FOOD_SWEET_MADAME,1297,1297,180,180,279,279,279,279,0.2151117964533539,0.2151117964533539
5,False,MOND_JEAN,FOOD_HASH_BROWN,1297,1297,220,340,341,528,341,528,0.2629144178874325,0.4070932922127988
5,False,MOND_JEAN,FOOD_PIZZA,1297,1297,130,260,202,404,202,404,0.15574402467232074,0.31148804934464147
5,False,MOND_JEAN,FOOD_PANCAKE_TEA_BREAK,1297,1297,170,240,264,372,264,372,0.2035466461063994,0.28681572860447185
5,False,MOND_JEAN,FOOD_VEGETARIAN_ABALONE,1297,1297,170,360,264,559,264,559,0.2035466461063994,0.4309946029298381
5,False,MOND_JEAN,FOOD_PERCH_STEW,1297,1297,260,440,404,683,404,683,0.31148804934464147,0.5265998457979953
5,False,MOND_JEAN,FOOD_CRAB_HAM_BAKE,1297,1297,230,400,357,621,357,621,0.27525057825751736,0.47879722436391675
5,False,MOND_JEAN,FOOD_FULLMOON_EGG,1297,1297,230,420,357,652,357,652,0.27525057825751736,0.5026985350809561
5,False,MOND_JEAN,FOOD_FISH_NOODLES,1297,1297,170,360,264,559,264,559,0.2035466461063994,0.4309946029298381
5,False,MOND_JEAN,FOOD_LUCKY_SNOW_DELIGHT,1297,1297,270,440,419,683,419,683,0.323053199691596,0.5265998457979953
5,False,LIYUE_ZHONGLI,FOOD_TEA_BREAK_PANCAKE,1997,1997,90,90,140,140,140,140,0.0701051577366049,0.0701051577366049
5,False,LIYUE_ZHONGLI,FOOD_SWEET_MADAME,1997,1997,180,180,279,279,279,279,0.1397095643465198,0.1397095643465198
5,False,LIYUE_ZHONGLI,FOOD_HASH_BROWN,1997,1997,220,340,341,528,341,528,0.17075613420130195,0.2643965948923385
5,False,LIYUE_ZHONGLI,FOOD_PIZZA,1997,1997,130,260,202,404,202,404,0.10115172759138708,0.20230345518277415
5,False,LIYUE_ZHONGLI,FOOD_PANCAKE_TEA_BREAK,1997,1997,170,240,264,372,264,372,0.13219829744616926,0.18627941912869303
5,False,LIYUE_ZHONGLI,FOOD_VEGETARIAN_ABALONE,1997,1997,170,360,264,559,264,559,0.13219829744616926,0.2799198798197296
5,False,LIYUE_ZHONGLI,FOOD_PERCH_STEW,1997,1997,260,440,404,683,404,683,0.20230345518277415,0.3420130195292939
5,False,LIYUE_ZHONGLI,FOOD_CRAB_HAM_BAKE,1997,1997,230,400,357,621,357,621,0.17876815222834253,0.31096644967451176
5,False,LIYUE_ZHONGLI,FOOD_FULLMOON_EGG,1997,1997,230,420,357,652,357,652,0.17876815222834253,0.32648973460190284
5,False,LIYUE_ZHONGLI,FOOD_FISH_NOODLES,1997,1997,170,360,264,559,264,559,0.13219829744616926,0.2799198798197296
5,False,LIYUE_ZHONGLI,FOOD_LUCKY_SNOW_DELIGHT,1997,1997,270,440,419,683,419,683,0.20981472208312468,0.3420130195292939
5,True,PLAYER_CUSTOM,FOOD_TEA_BREAK_PANCAKE,1265,1265,90,90,140,140,140,140,0.11067193675889328,0.11067193675889328
5,True,PLAYER_CUSTOM,FOOD_SWEET_MADAME,1265,1265,180,180,279,279,279,279,0.22055335968379447,0.22055335968379447
5,True,PLAYER_CUSTOM,FOOD_HASH_BROWN,1265,1265,220,340,341,528,341,528,0.26956521739130435,0.41739130434782606
5,True,PLAYER_CUSTOM,FOOD_PIZZA,1265,1265,130,260,202,404,202,404,0.15968379446640316,0.3193675889328063
5,True,PLAYER_CUSTOM,FOOD_PANCAKE_TEA_BREAK,1265,1265,170,240,264,372,264,372,0.20869565217391303,0.2940711462450593
5,True,PLAYER_CUSTOM,FOOD_VEGETARIAN_ABALONE,1265,1265,170,360,264,559,264,559,0.20869565217391303,0.44189723320158103
5,True,PLAYER_CUSTOM,FOOD_PERCH_STEW,1265,1265,260,440,404,683,404,683,0.3193675889328063,0.5399209486166008
5,True,PLAYER_CUSTOM,FOOD_CRAB_HAM_BAKE,1265,1265,230,400,357,621,357,621,0.28221343873517785,0.4909090909090909
5,True,PLAYER_CUSTOM,FOOD_FULLMOON_EGG,1265,1265,230,420,357,652,357,652,0.28221343873517785,0.5154150197628459
5,True,PLAYER_CUSTOM,FOOD_FISH_NOODLES,1265,1265,170,360,264,559,264,559,0.20869565217391303,0.44189723320158103
5,True,PLAYER_CUSTOM,FOOD_LUCKY_SNOW_DELIGHT,1265,1265,270,440,419,683,419,683,0.3312252964426877,0.5399209486166008
5,True,MOND_AMBER,FOOD_TEA_BREAK_PANCAKE,1343,1343,90,90,140,140,140,140,0.10424422933730454,0.10424422933730454
5,True,MOND_AMBER,FOOD_SWEET_MADAME,1343,1343,180,180,279,279,279,279,0.20774385703648549,0.20774385703648549
5,True,MOND_AMBER,FOOD_HASH_BROWN,1343,1343,220,340,341,528,341,528,0.2539091586001489,0.39314966492926284
5,True,MOND_AMBER,FOOD_PIZZA,1343,1343,130,260,202,404,202,404,0.15040953090096798,0.30081906180193596
5,True,MOND_AMBER,FOOD_PANCAKE_TEA_BREAK,1343,1343,170,240,264,372,264,372,0.19657483246463142,0.27699180938198065
5,True,MOND_AMBER,FOOD_VEGETARIAN_ABALONE,1343,1343,170,360,264,559,264,559,0.19657483246463142,0.4162323157110946
5,True,MOND_AMBER,FOOD_PERCH_STEW,1343,1343,260,440,404,683,404,683,0.30081906180193596,0.5085629188384214
5,True,MOND_AMBER,FOOD_CRAB_HAM_BAKE,1343,1343,230,400,357,621,357,621,0.26582278481012656,0.462397617274758
5,True,MOND_AMBER,FOOD_FULLMOON_EGG,1343,1343,230,420,357,652,357,652,0.26582278481012656,0.4854802680565897
5,True,MOND_AMBER,FOOD_FISH_NOODLES,1343,1343,170,360,264,559,264,559,0.19657483246463142,0.4162323157110946
5,True,MOND_AMBER,FOOD_LUCKY_SNOW_DELIGHT,1343,1343,270,440,419,683,419,683,0.31198808637379,0.5085629188384214
5,True,MOND_JEAN,FOOD_TEA_BREAK_PANCAKE,1631,1631,90,90,140,140,140,140,0.08583690987124463,0.08583690987124463
5,True,MOND_JEAN,FOOD_SWEET_MADAME,1631,1631,180,180,279,279,279,279,0.17106069895769466,0.17106069895769466
5,True,MOND_JEAN,FOOD_HASH_BROWN,1631,1631,220,340,341,528,341,528,0.20907418761496016,0.3237277743715512
5,True,MOND_JEAN,FOOD_PIZZA,1631,1631,130,260,202,404,202,404,0.12385039852851011,0.24770079705702022
5,True,MOND_JEAN,FOOD_PANCAKE_TEA_BREAK,1631,1631,170,240,264,372,264,372,0.1618638871857756,0.22808093194359289
5,True,MOND_JEAN,FOOD_VEGETARIAN_ABALONE,1631,1631,170,360,264,559,264,559,0.1618638871857756,0.34273451870018395
5,True,MOND_JEAN,FOOD_PERCH_STEW,1631,1631,260,440,404,683,404,683,0.24770079705702022,0.4187614960147149
5,True,MOND_JEAN,FOOD_CRAB_HAM_BAKE,1631,1631,230,400,357,621,357,621,0.21888412017167383,0.3807480073574494
5,True,MOND_JEAN,FOOD_FULLMOON_EGG,1631,1631,230,420,357,652,357,652,0.21888412017167383,0.39975475168608215
5,True,MOND_JEAN,FOOD_FISH_NOODLES,1631,1631,170,360,264,559,264,559,0.1618638871857756,0.34273451870018395
5,True,MOND_JEAN,FOOD_LUCKY_SNOW_DELIGHT,1631,1631,270,440,419,683,419,683,0.2568976088289393,0.4187614960147149
5,True,LIYUE_ZHONGLI,FOOD_TEA_BREAK_PANCAKE,2331,2331,90,90,140,140,140,140,0.06006006006006006,0.06006006006006006
5,True,LIYUE_ZHONGLI,FOOD_SWEET_MADAME,2331,2331,180,180,279,279,279,279,0.11969111969111969,0.11969111969111969
5,True,LIYUE_ZHONGLI,FOOD_HASH_BROWN,2331,2331,220,340,341,528,341,528,0.1462891462891463,0.22651222651222652
5,True,LIYUE_ZHONGLI,FOOD_PIZZA,2331,2331,130,260,202,404,202,404,0.08665808665808666,0.17331617331617333
5,True,LIYUE_ZHONGLI,FOOD_PANCAKE_TEA_BREAK,2331,2331,170,240,264,372,264,372,0.11325611325611326,0.15958815958815958
5,True,LIYUE_ZHONGLI,FOOD_VEGETARIAN_ABALONE,2331,2331,170,360,264,559,264,559,0.11325611325611326,0.2398112398112398
5,True,LIYUE_ZHONGLI,FOOD_PERCH_STEW,2331,2331,260,440,404,683,404,683,0.17331617331617333,0.293007293007293
5,True,LIYUE_ZHONGLI,FOOD_CRAB_HAM_BAKE,2331,2331,230,400,357,621,357,621,0.15315315315315314,0.26640926640926643
5,True,LIYUE_ZHONGLI,FOOD_FULLMOON_EGG,2331,2331,230,420,357,652,357,652,0.15315315315315314,0.2797082797082797
5,True,LIYUE_ZHONGLI,FOOD_FISH_NOODLES,2331,2331,170,360,264,559,264,559,0.11325611325611326,0.2398112398112398
5,True,LIYUE_ZHONGLI,FOOD_LUCKY_SNOW_DELIGHT,2331,2331,270,440,419,683,419,683,0.17975117975117974,0.293007293007293
10,False,PLAYER_CUSTOM,FOOD_TEA_BREAK_PANCAKE,1399,1399,90,90,210,210,210,210,0.1501072194424589,0.1501072194424589
10,False,PLAYER_CUSTOM,FOOD_SWEET_MADAME,1399,1399,180,180,420,420,420,420,0.3002144388849178,0.3002144388849178
10,False,PLAYER_CUSTOM,FOOD_HASH_BROWN,1399,1399,220,340,513,793,513,793,0.3666904932094353,0.5668334524660472
10,False,PLAYER_CUSTOM,FOOD_PIZZA,1399,1399,130,260,303,606,303,606,0.21658327376697642,0.43316654753395284
10,False,PLAYER_CUSTOM,FOOD_PANCAKE_TEA_BREAK,1399,1399,170,240,396,560,396,560,0.2830593280914939,0.4002859185132237
10,False,PLAYER_CUSTOM,FOOD_VEGETARIAN_ABALONE,1399,1399,170,360,396,840,396,840,0.2830593280914939,0.6004288777698356
10,False,PLAYER_CUSTOM,FOOD_PERCH_STEW,1399,1399,260,440,606,1026,606,1026,0.43316654753395284,0.7333809864188706
10,False,PLAYER_CUSTOM,FOOD_CRAB_HAM_BAKE,1399,1399,230,400,536,933,536,933,0.38313080771979985,0.6669049320943531
10,False,PLAYER_CUSTOM,FOOD_FULLMOON_EGG,1399,1399,230,420,536,979,536,979,0.38313080771979985,0.6997855611150822
10,False,PLAYER_CUSTOM,FOOD_FISH_NOODLES,1399,1399,170,360,396,840,396,840,0.2830593280914939,0.6004288777698356
10,False,PLAYER_CUSTOM,FOOD_LUCKY_SNOW_DELIGHT,1399,1399,270,440,630,1026,630,1026,0.4503216583273767,0.7333809864188706
10,False,MOND_AMBER,FOOD_TEA_BREAK_PANCAKE,1516,1516,90,90,210,210,210,210,0.13852242744063326,0.13852242744063326
10,False,MOND_AMBER,FOOD_SWEET_MADAME,1516,1516,180,180,420,420,420,420,0.2770448548812665,0.2770448548812665
10,False,MOND_AMBER,FOOD_HASH_BROWN,1516,1516,220,340,513,793,513,793,0.33839050131926124,0.5230870712401056
10,False,MOND_AMBER,FOOD_PIZZA,1516,1516,130,260,303,606,303,606,0.19986807387862796,0.3997361477572559
10,False,MOND_AMBER,FOOD_PANCAKE_TEA_BREAK,1516,1516,170,240,396,560,396,560,0.2612137203166227,0.36939313984168864
10,False,MOND_AMBER,FOOD_VEGETARIAN_ABALONE,1516,1516,170,360,396,840,396,840,0.2612137203166227,0.554089709762533
10,False,MOND_AMBER,FOOD_PERCH_STEW,1516,1516,260,440,606,1026,606,1026,0.3997361477572559,0.6767810026385225
10,False,MOND_AMBER,FOOD_CRAB_HAM_BAKE,1516,1516,230,400,536,933,536,933,0.35356200527704484,0.6154353562005277
10,False,MOND_AMBER,FOOD_FULLMOON_EGG,1516,1516,230,420,536,979,536,979,0.35356200527704484,0.645778364116095
10,False,MOND_AMBER,FOOD_FISH_NOODLES,1516,1516,170,360,396,840,396,840,0.2612137203166227,0.554089709762533
10,False,MOND_AMBER,FOOD_LUCKY_SNOW_DELIGHT,1516,1516,270,440,630,1026,630,1026,0.4155672823218997,0.6767810026385225
10,False,MOND_JEAN,FOOD_TEA_BREAK_PANCAKE,1950,1950,90,90,210,210,210,210,0.1076923076923077,0.1076923076923077
10,False,MOND_JEAN,FOOD_SWEET_MADAME,1950,1950,180,180,420,420,420,420,0.2153846153846154,0.2153846153846154
10,False,MOND_JEAN,FOOD_HASH_BROWN,1950,1950,220,340,513,793,513,793,0.2630769230769231,0.4066666666666667
10,False,MOND_JEAN,FOOD_PIZZA,1950,1950,130,260,303,606,303,606,0.15538461538461537,0.31076923076923074
10,False,MOND_JEAN,FOOD_PANCAKE_TEA_BREAK,1950,1950,170,240,396,560,396,560,0.20307692307692307,0.28717948717948716
10,False,MOND_JEAN,FOOD_VEGETARIAN_ABALONE,1950,1950,170,360,396,840,396,840,0.20307692307692307,0.4307692307692308
10,False,MOND_JEAN,FOOD_PERCH_STEW,1950,1950,260,440,606,1026,606,1026,0.31076923076923074,0.5261538461538462
10,False,MOND_JEAN,FOOD_CRAB_HAM_BAKE,1950,1950,230,400,536,933,536,933,0.27487179487179486,0.47846153846153844
10,False,MOND_JEAN,FOOD_FULLMOON_EGG,1950,1950,230,420,536,979,536,979,0.27487179487179486,0.502051282051282
10,False,MOND_JEAN,FOOD_FISH_NOODLES,1950,1950,170,360,396,840,396,840,0.20307692307692307,0.4307692307692308
10,False,MOND_JEAN,FOOD_LUCKY_SNOW_DELIGHT,1950,1950,270,440,630,1026,630,1026,0.3230769230769231,0.5261538461538462
10,False,LIYUE_ZHONGLI,FOOD_TEA_BREAK_PANCAKE,3001,3001,90,90,210,210,210,210,0.06997667444185271,0.06997667444185271
10,False,LIYUE_ZHONGLI,FOOD_SWEET_MADAME,3001,3001,180,180,420,420,420,420,0.13995334888370542,0.13995334888370542
10,False,LIYUE_ZHONGLI,FOOD_HASH_BROWN,3001,3001,220,340,513,793,513,793,0.1709430189936688,0.2642452515828057
10,False,LIYUE_ZHONGLI,FOOD_PIZZA,3001,3001,130,260,303,606,303,606,0.10096634455181606,0.20193268910363213
10,False,LIYUE_ZHONGLI,FOOD_PANCAKE_TEA_BREAK,3001,3001,170,240,396,560,396,560,0.13195601466177942,0.18660446517827392
10,False,LIYUE_ZHONGLI,FOOD_VEGETARIAN_ABALONE,3001,3001,170,360,396,840,396,840,0.13195601466177942,0.27990669776741084
10,False,LIYUE_ZHONGLI,FOOD_PERCH_STEW,3001,3001,260,440,606,1026,606,1026,0.20193268910363213,0.3418860379873376
10,False,LIYUE_ZHONGLI,FOOD_CRAB_HAM_BAKE,3001,3001,230,400,536,933,536,933,0.1786071309563479,0.31089636787737424
10,False,LIYUE_ZHONGLI,FOOD_FULLMOON_EGG,3001,3001,230,420,536,979,536,979,0.1786071309563479,0.32622459180273244
10,False,LIYUE_ZHONGLI,FOOD_FISH_NOODLES,3001,3001,170,360,396,840,396,840,0.13195601466177942,0.27990669776741084
10,False,LIYUE_ZHONGLI,FOOD_LUCKY_SNOW_DELIGHT,3001,3001,270,440,630,1026,630,1026,0.20993002332555816,0.3418860379873376
10,True,PLAYER_CUSTOM,FOOD_TEA_BREAK_PANCAKE,1733,1733,90,90,210,210,210,210,0.12117714945181765,0.12117714945181765
10,True,PLAYER_CUSTOM,FOOD_SWEET_MADAME,1733,1733,180,180,420,420,420,420,0.2423542989036353,0.2423542989036353
10,True,PLAYER_CUSTOM,FOOD_HASH_BROWN,1733,1733,220,340,513,793,513,793,0.2960184650894403,0.4575879976918638
10,True,PLAYER_CUSTOM,FOOD_PIZZA,1733,1733,130,260,303,606,303,606,0.17484131563762262,0.34968263127524524
10,True,PLAYER_CUSTOM,FOOD_PANCAKE_TEA_BREAK,1733,1733,170,240,396,560,396,560,0.2285054818234276,0.3231390652048471
10,True,PLAYER_CUSTOM,FOOD_VEGETARIAN_ABALONE,1733,1733,170,360,396,840,396,840,0.2285054818234276,0.4847085978072706
10,True,PLAYER_CUSTOM,FOOD_PERCH_STEW,1733,1733,260,440,606,1026,606,1026,0.34968263127524524,0.5920369301788806
10,True,PLAYER_CUSTOM,FOOD_CRAB_HAM_BAKE,1733,1733,230,400,536,933,536,933,0.30929024812463934,0.5383727639930755
10,True,PLAYER_CUSTOM,FOOD_FULLMOON_EGG,1733,1733,230,420,536,979,536,979,0.30929024812463934,0.5649163300634737
10,True,PLAYER_CUSTOM,FOOD_FISH_NOODLES,1733,1733,170,360,396,840,396,840,0.2285054818234276,0.4847085978072706
10,True,PLAYER_CUSTOM,FOOD_LUCKY_SNOW_DELIGHT,1733,1733,270,440,630,1026,630,1026,0.363531448355453,0.5920369301788806
10,True,MOND_AMBER,FOOD_TEA_BREAK_PANCAKE,1850,1850,90,90,210,210,210,210,0.11351351351351352,0.11351351351351352
10,True,MOND_AMBER,FOOD_SWEET_MADAME,1850,1850,180,180,420,420,420,420,0.22702702702702704,0.22702702702702704
10,True,MOND_AMBER,FOOD_HASH_BROWN,1850,1850,220,340,513,793,513,793,0.2772972972972973,0.42864864864864866
10,True,MOND_AMBER,FOOD_PIZZA,1850,1850,130,260,303,606,303,606,0.16378378378378378,0.32756756756756755
10,True,MOND_AMBER,FOOD_PANCAKE_TEA_BREAK,1850,1850,170,240,396,560,396,560,0.21405405405405406,0.3027027027027027
10,True,MOND_AMBER,FOOD_VEGETARIAN_ABALONE,1850,1850,170,360,396,840,396,840,0.21405405405405406,0.4540540540540541
10,True,MOND_AMBER,FOOD_PERCH_STEW,1850,1850,260,440,606,1026,606,1026,0.32756756756756755,0.5545945945945946
10,True,MOND_AMBER,FOOD_CRAB_HAM_BAKE,1850,1850,230,400,536,933,536,933,0.2897297297297297,0.5043243243243243
10,True,MOND_AMBER,FOOD_FULLMOON_EGG,1850,1850,230,420,536,979,536,979,0.2897297297297297,0.5291891891891892
10,True,MOND_AMBER,FOOD_FISH_NOODLES,1850,1850,170,360,396,840,396,840,0.21405405405405406,0.4540540540540541
10,True,MOND_AMBER,FOOD_LUCKY_SNOW_DELIGHT,1850,1850,270,440,630,1026,630,1026,0.34054054054054056,0.5545945945945946
10,True,MOND_JEAN,FOOD_TEA_BREAK_PANCAKE,2284,2284,90,90,210,210,210,210,0.09194395796847636,0.09194395796847636
10,True,MOND_JEAN,FOOD_SWEET_MADAME,2284,2284,180,180,420,420,420,420,0.18388791593695272,0.18388791593695272
10,True,MOND_JEAN,FOOD_HASH_BROWN,2284,2284,220,340,513,793,513,793,0.22460595446584938,0.3471978984238179
10,True,MOND_JEAN,FOOD_PIZZA,2284,2284,130,260,303,606,303,606,0.13266199649737304,0.26532399299474607
10,True,MOND_JEAN,FOOD_PANCAKE_TEA_BREAK,2284,2284,170,240,396,560,396,560,0.1733800350262697,0.24518388791593695
10,True,MOND_JEAN,FOOD_VEGETARIAN_ABALONE,2284,2284,170,360,396,840,396,840,0.1733800350262697,0.36777583187390545
10,True,MOND_JEAN,FOOD_PERCH_STEW,2284,2284,260,440,606,1026,606,1026,0.26532399299474607,0.44921190893169877
10,True,MOND_JEAN,FOOD_CRAB_HAM_BAKE,2284,2284,230,400,536,933,536,933,0.23467600700525393,0.4084938704028021
10,True,MOND_JEAN,FOOD_FULLMOON_EGG,2284,2284,230,420,536,979,536,979,0.23467600700525393,0.4286339754816112
10,True,MOND_JEAN,FOOD_FISH_NOODLES,2284,2284,170,360,396,840,396,840,0.1733800350262697,0.36777583187390545
10,True,MOND_JEAN,FOOD_LUCKY_SNOW_DELIGHT,2284,2284,270,440,630,1026,630,1026,0.27583187390542907,0.44921190893169877
10,True,LIYUE_ZHONGLI,FOOD_TEA_BREAK_PANCAKE,3335,3335,90,90,210,210,210,210,0.06296851574212893,0.06296851574212893
10,True,LIYUE_ZHONGLI,FOOD_SWEET_MADAME,3335,3335,180,180,420,420,420,420,0.12593703148425786,0.12593703148425786
10,True,LIYUE_ZHONGLI,FOOD_HASH_BROWN,3335,3335,220,340,513,793,513,793,0.1538230884557721,0.23778110944527736
10,True,LIYUE_ZHONGLI,FOOD_PIZZA,3335,3335,130,260,303,606,303,606,0.09085457271364318,0.18170914542728636
10,True,LIYUE_ZHONGLI,FOOD_PANCAKE_TEA_BREAK,3335,3335,170,240,396,560,396,560,0.11874062968515742,0.1679160419790105
10,True,LIYUE_ZHONGLI,FOOD_VEGETARIAN_ABALONE,3335,3335,170,360,396,840,396,840,0.11874062968515742,0.2518740629685157
10,True,LIYUE_ZHONGLI,FOOD_PERCH_STEW,3335,3335,260,440,606,1026,606,1026,0.18170914542728636,0.3076461769115442
10,True,LIYUE_ZHONGLI,FOOD_CRAB_HAM_BAKE,3335,3335,230,400,536,933,536,933,0.16071964017991006,0.27976011994002997
10,True,LIYUE_ZHONGLI,FOOD_FULLMOON_EGG,3335,3335,230,420,536,979,536,979,0.16071964017991006,0.29355322338830586
10,True,LIYUE_ZHONGLI,FOOD_FISH_NOODLES,3335,3335,170,360,396,840,396,840,0.11874062968515742,0.2518740629685157
10,True,LIYUE_ZHONGLI,FOOD_LUCKY_SNOW_DELIGHT,3335,3335,270,440,630,1026,630,1026,0.1889055472263868,0.3076461769115442
20,False,PLAYER_CUSTOM,FOOD_TEA_BREAK_PANCAKE,2917,2917,90,90,438,438,438,438,0.1501542680836476,0.1501542680836476
20,False,PLAYER_CUSTOM,FOOD_SWEET_MADAME,2917,2917,180,180,875,875,875,875,0.2999657182036339,0.2999657182036339
20,False,PLAYER_CUSTOM,FOOD_HASH_BROWN,2917,2917,220,340,1070,1653,1070,1653,0.3668152211175866,0.5666780939321221
20,False,PLAYER_CUSTOM,FOOD_PIZZA,2917,2917,130,260,632,1264,632,1264,0.21666095303393898,0.43332190606787796
20,False,PLAYER_CUSTOM,FOOD_PANCAKE_TEA_BREAK,2917,2917,170,240,827,1167,827,1167,0.28351045594789165,0.40006856359273224
20,False,PLAYER_CUSTOM,FOOD_VEGETARIAN_ABALONE,2917,2917,170,360,827,1751,827,1751,0.28351045594789165,0.6002742543709291
20,False,PLAYER_CUSTOM,FOOD_PERCH_STEW,2917,2917,260,440,1264,2140,1264,2140,0.43332190606787796,0.7336304422351732
20,False,PLAYER_CUSTOM,FOOD_CRAB_HAM_BAKE,2917,2917,230,400,1118,1945,1118,1945,0.38327048337332875,0.6667809393212204
20,False,PLAYER_CUSTOM,FOOD_FULLMOON_EGG,2917,2917,230,420,1118,2042,1118,2042,0.38327048337332875,0.7000342817963662
20,False,PLAYER_CUSTOM,FOOD_FISH_NOODLES,2917,2917,170,360,827,1751,827,1751,0.28351045594789165,0.6002742543709291
20,False,PLAYER_CUSTOM,FOOD_LUCKY_SNOW_DELIGHT,2917,2917,270,440,1313,2140,1313,2140,0.45011998628728145,0.7336304422351732
20,False,MOND_AMBER,FOOD_TEA_BREAK_PANCAKE,3161,3161,90,90,438,438,438,438,0.13856374565011073,0.13856374565011073
20,False,MOND_AMBER,FOOD_SWEET_MADAME,3161,3161,180,180,875,875,875,875,0.2768111357165454,0.2768111357165454
20,False,MOND_AMBER,FOOD_HASH_BROWN,3161,3161,220,340,1070,1653,1070,1653,0.3385004745333755,0.5229357798165137
20,False,MOND_AMBER,FOOD_PIZZA,3161,3161,130,260,632,1264,632,1264,0.1999367288832648,0.3998734577665296
20,False,MOND_AMBER,FOOD_PANCAKE_TEA_BREAK,3161,3161,170,240,827,1167,827,1167,0.2616260677000949,0.36918696614995256
20,False,MOND_AMBER,FOOD_VEGETARIAN_ABALONE,3161,3161,170,360,827,1751,827,1751,0.2616260677000949,0.5539386270167669
20,False,MOND_AMBER,FOOD_PERCH_STEW,3161,3161,260,440,1264,2140,1264,2140,0.3998734577665296,0.677000949066751
20,False,MOND_AMBER,FOOD_CRAB_HAM_BAKE,3161,3161,230,400,1118,1945,1118,1945,0.353685542549826,0.6153116102499209
20,False,MOND_AMBER,FOOD_FULLMOON_EGG,3161,3161,230,420,1118,2042,1118,2042,0.353685542549826,0.645998101866498
20,False,MOND_AMBER,FOOD_FISH_NOODLES,3161,3161,170,360,827,1751,827,1751,0.2616260677000949,0.5539386270167669
20,False,MOND_AMBER,FOOD_LUCKY_SNOW_DELIGHT,3161,3161,270,440,1313,2140,1313,2140,0.4153748813666561,0.677000949066751
20,False,MOND_JEAN,FOOD_TEA_BREAK_PANCAKE,4346,4346,90,90,468,468,468,468,0.10768522779567419,0.10768522779567419
20,False,MOND_JEAN,FOOD_SWEET_MADAME,4346,4346,180,180,936,936,936,936,0.21537045559134838,0.21537045559134838
20,False,MOND_JEAN,FOOD_HASH_BROWN,4346,4346,220,340,1144,1767,1144,1767,0.2632305568338702,0.40658076392084674
20,False,MOND_JEAN,FOOD_PIZZA,4346,4346,130,260,676,1352,676,1352,0.15554532903819604,0.3110906580763921
20,False,MOND_JEAN,FOOD_PANCAKE_TEA_BREAK,4346,4346,170,240,884,1248,884,1248,0.2034054302807179,0.28716060745513117
20,False,MOND_JEAN,FOOD_VEGETARIAN_ABALONE,4346,4346,170,360,884,1871,884,1871,0.2034054302807179,0.4305108145421077
20,False,MOND_JEAN,FOOD_PERCH_STEW,4346,4346,260,440,1352,2287,1352,2287,0.3110906580763921,0.5262310170271514
20,False,MOND_JEAN,FOOD_CRAB_HAM_BAKE,4346,4346,230,400,1196,2079,1196,2079,0.2751955821445007,0.47837091578462954
20,False,MOND_JEAN,FOOD_FULLMOON_EGG,4346,4346,230,420,1196,2183,1196,2183,0.2751955821445007,0.5023009664058905
20,False,MOND_JEAN,FOOD_FISH_NOODLES,4346,4346,170,360,884,1871,884,1871,0.2034054302807179,0.4305108145421077
20,False,MOND_JEAN,FOOD_LUCKY_SNOW_DELIGHT,4346,4346,270,440,1403,2287,1403,2287,0.3228255867464335,0.5262310170271514
20,False,LIYUE_ZHONGLI,FOOD_TEA_BREAK_PANCAKE,6690,6690,90,90,468,468,468,468,0.06995515695067264,0.06995515695067264
20,False,LIYUE_ZHONGLI,FOOD_SWEET_MADAME,6690,6690,180,180,936,936,936,936,0.13991031390134528,0.13991031390134528
20,False,LIYUE_ZHONGLI,FOOD_HASH_BROWN,6690,6690,220,340,1144,1767,1144,1767,0.17100149476831092,0.2641255605381166
20,False,LIYUE_ZHONGLI,FOOD_PIZZA,6690,6690,130,260,676,1352,676,1352,0.10104633781763826,0.20209267563527653
20,False,LIYUE_ZHONGLI,FOOD_PANCAKE_TEA_BREAK,6690,6690,170,240,884,1248,884,1248,0.13213751868460388,0.18654708520179372
20,False,LIYUE_ZHONGLI,FOOD_VEGETARIAN_ABALONE,6690,6690,170,360,884,1871,884,1871,0.13213751868460388,0.2796711509715994
20,False,LIYUE_ZHONGLI,FOOD_PERCH_STEW,6690,6690,260,440,1352,2287,1352,2287,0.20209267563527653,0.34185351270553066
20,False,LIYUE_ZHONGLI,FOOD_CRAB_HAM_BAKE,6690,6690,230,400,1196,2079,1196,2079,0.17877428998505232,0.310762331838565
20,False,LIYUE_ZHONGLI,FOOD_FULLMOON_EGG,6690,6690,230,420,1196,2183,1196,2183,0.17877428998505232,0.32630792227204786
20,False,LIYUE_ZHONGLI,FOOD_FISH_NOODLES,6690,6690,170,360,884,1871,884,1871,0.13213751868460388,0.2796711509715994
20,False,LIYUE_ZHONGLI,FOOD_LUCKY_SNOW_DELIGHT,6690,6690,270,440,1403,2287,1403,2287,0.20971599402092675,0.34185351270553066
20,True,PLAYER_CUSTOM,FOOD_TEA_BREAK_PANCAKE,3305,3305,90,90,438,438,438,438,0.13252647503782147,0.13252647503782147
20,True,PLAYER_CUSTOM,FOOD_SWEET_MADAME,3305,3305,180,180,875,875,875,875,0.264750378214826,0.264750378214826
20,True,PLAYER_CUSTOM,FOOD_HASH_BROWN,3305,3305,220,340,1070,1653,1070,1653,0.3237518910741301,0.5001512859304085
20,True,PLAYER_CUSTOM,FOOD_PIZZA,3305,3305,130,260,632,1264,632,1264,0.19122541603630863,0.38245083207261726
20,True,PLAYER_CUSTOM,FOOD_PANCAKE_TEA_BREAK,3305,3305,170,240,827,1167,827,1167,0.2502269288956127,0.3531013615733737
20,True,PLAYER_CUSTOM,FOOD_VEGETARIAN_ABALONE,3305,3305,170,360,827,1751,827,1751,0.2502269288956127,0.529803328290469
20,True,PLAYER_CUSTOM,FOOD_PERCH_STEW,3305,3305,260,440,1264,2140,1264,2140,0.38245083207261726,0.6475037821482602
20,True,PLAYER_CUSTOM,FOOD_CRAB_HAM_BAKE,3305,3305,230,400,1118,1945,1118,1945,0.3382753403933434,0.5885022692889561
20,True,PLAYER_CUSTOM,FOOD_FULLMOON_EGG,3305,3305,230,420,1118,2042,1118,2042,0.3382753403933434,0.6178517397881997
20,True,PLAYER_CUSTOM,FOOD_FISH_NOODLES,3305,3305,170,360,827,1751,827,1751,0.2502269288956127,0.529803328290469
20,True,PLAYER_CUSTOM,FOOD_LUCKY_SNOW_DELIGHT,3305,3305,270,440,1313,2140,1313,2140,0.3972768532526475,0.6475037821482602
20,True,MOND_AMBER,FOOD_TEA_BREAK_PANCAKE,3548,3548,90,90,438,438,438,438,0.12344983089064261,0.12344983089064261
20,True,MOND_AMBER,FOOD_SWEET_MADAME,3548,3548,180,180,875,875,875,875,0.24661781285231116,0.24661781285231116
20,True,MOND_AMBER,FOOD_HASH_BROWN,3548,3548,220,340,1070,1653,1070,1653,0.3015783540022548,0.46589627959413754
20,True,MOND_AMBER,FOOD_PIZZA,3548,3548,130,260,632,1264,632,1264,0.17812852311161217,0.35625704622322435
20,True,MOND_AMBER,FOOD_PANCAKE_TEA_BREAK,3548,3548,170,240,827,1167,827,1167,0.23308906426155582,0.3289177001127396
20,True,MOND_AMBER,FOOD_VEGETARIAN_ABALONE,3548,3548,170,360,827,1751,827,1751,0.23308906426155582,0.4935174746335964
20,True,MOND_AMBER,FOOD_PERCH_STEW,3548,3548,260,440,1264,2140,1264,2140,0.35625704622322435,0.6031567080045096
20,True,MOND_AMBER,FOOD_CRAB_HAM_BAKE,3548,3548,230,400,1118,1945,1118,1945,0.31510710259301017,0.548196166854566
20,True,MOND_AMBER,FOOD_FULLMOON_EGG,3548,3548,230,420,1118,2042,1118,2042,0.31510710259301017,0.5755355129650507
20,True,MOND_AMBER,FOOD_FISH_NOODLES,3548,3548,170,360,827,1751,827,1751,0.23308906426155582,0.4935174746335964
20,True,MOND_AMBER,FOOD_LUCKY_SNOW_DELIGHT,3548,3548,270,440,1313,2140,1313,2140,0.37006764374295376,0.6031567080045096
20,True,MOND_JEAN,FOOD_TEA_BREAK_PANCAKE,4760,4760,90,90,468,468,468,468,0.09831932773109243,0.09831932773109243
20,True,MOND_JEAN,FOOD_SWEET_MADAME,4760,4760,180,180,936,936,936,936,0.19663865546218487,0.19663865546218487
20,True,MOND_JEAN,FOOD_HASH_BROWN,4760,4760,220,340,1144,1767,1144,1767,0.24033613445378152,0.371218487394958
20,True,MOND_JEAN,FOOD_PIZZA,4760,4760,130,260,676,1352,676,1352,0.14201680672268907,0.28403361344537814
20,True,MOND_JEAN,FOOD_PANCAKE_TEA_BREAK,4760,4760,170,240,884,1248,884,1248,0.18571428571428572,0.26218487394957984
20,True,MOND_JEAN,FOOD_VEGETARIAN_ABALONE,4760,4760,170,360,884,1871,884,1871,0.18571428571428572,0.3930672268907563
20,True,MOND_JEAN,FOOD_PERCH_STEW,4760,4760,260,440,1352,2287,1352,2287,0.28403361344537814,0.4804621848739496
20,True,MOND_JEAN,FOOD_CRAB_HAM_BAKE,4760,4760,230,400,1196,2079,1196,2079,0.25126050420168067,0.43676470588235294
20,True,MOND_JEAN,FOOD_FULLMOON_EGG,4760,4760,230,420,1196,2183,1196,2183,0.25126050420168067,0.45861344537815124
20,True,MOND_JEAN,FOOD_FISH_NOODLES,4760,4760,170,360,884,1871,884,1871,0.18571428571428572,0.3930672268907563
20,True,MOND_JEAN,FOOD_LUCKY_SNOW_DELIGHT,4760,4760,270,440,1403,2287,1403,2287,0.2947478991596639,0.4804621848739496
20,True,LIYUE_ZHONGLI,FOOD_TEA_BREAK_PANCAKE,7104,7104,90,90,468,468,468,468,0.06587837837837837,0.06587837837837837
20,True,LIYUE_ZHONGLI,FOOD_SWEET_MADAME,7104,7104,180,180,936,936,936,936,0.13175675675675674,0.13175675675675674
20,True,LIYUE_ZHONGLI,FOOD_HASH_BROWN,7104,7104,220,340,1144,1767,1144,1767,0.16103603603603603,0.24873310810810811
20,True,LIYUE_ZHONGLI,FOOD_PIZZA,7104,7104,130,260,676,1352,676,1352,0.09515765765765766,0.19031531531531531
20,True,LIYUE_ZHONGLI,FOOD_PANCAKE_TEA_BREAK,7104,7104,170,240,884,1248,884,1248,0.12443693693693694,0.17567567567567569
20,True,LIYUE_ZHONGLI,FOOD_VEGETARIAN_ABALONE,7104,7104,170,360,884,1871,884,1871,0.12443693693693694,0.26337274774774777
20,True,LIYUE_ZHONGLI,FOOD_PERCH_STEW,7104,7104,260,440,1352,2287,1352,2287,0.19031531531531531,0.3219313063063063
20,True,LIYUE_ZHONGLI,FOOD_CRAB_HAM_BAKE,7104,7104,230,400,1196,2079,1196,2079,0.16835585585585586,0.29265202702702703
20,True,LIYUE_ZHONGLI,FOOD_FULLMOON_EGG,7104,7104,230,420,1196,2183,1196,2183,0.16835585585585586,0.3072916666666667
20,True,LIYUE_ZHONGLI,FOOD_FISH_NOODLES,7104,7104,170,360,884,1871,884,1871,0.12443693693693694,0.26337274774774777
20,True,LIYUE_ZHONGLI,FOOD_LUCKY_SNOW_DELIGHT,7104,7104,270,440,1403,2287,1403,2287,0.19749436936936937,0.3219313063063063
30,False,PLAYER_CUSTOM,FOOD_TEA_BREAK_PANCAKE,5110,5110,90,90,766,766,766,766,0.14990215264187867,0.14990215264187867
30,False,PLAYER_CUSTOM,FOOD_SWEET_MADAME,5110,5110,180,180,1533,1533,1533,1533,0.3,0.3
30,False,PLAYER_CUSTOM,FOOD_HASH_BROWN,5110,5110,220,340,1874,2896,1874,2896,0.3667318982387476,0.5667318982387476
30,False,PLAYER_CUSTOM,FOOD_PIZZA,5110,5110,130,260,1107,2214,1107,2214,0.21663405088062623,0.43326810176125247
30,False,PLAYER_CUSTOM,FOOD_PANCAKE_TEA_BREAK,5110,5110,170,240,1448,2044,1448,2044,0.2833659491193738,0.4
30,False,PLAYER_CUSTOM,FOOD_VEGETARIAN_ABALONE,5110,5110,170,360,1448,3066,1448,3066,0.2833659491193738,0.6
30,False,PLAYER_CUSTOM,FOOD_PERCH_STEW,5110,5110,260,440,2214,3747,2214,3747,0.43326810176125247,0.7332681017612525
30,False,PLAYER_CUSTOM,FOOD_CRAB_HAM_BAKE,5110,5110,230,400,1959,3407,1959,3407,0.3833659491193738,0.6667318982387476
30,False,PLAYER_CUSTOM,FOOD_FULLMOON_EGG,5110,5110,230,420,1959,3577,1959,3577,0.3833659491193738,0.7
30,False,PLAYER_CUSTOM,FOOD_FISH_NOODLES,5110,5110,170,360,1448,3066,1448,3066,0.2833659491193738,0.6
30,False,PLAYER_CUSTOM,FOOD_LUCKY_SNOW_DELIGHT,5110,5110,270,440,2299,3747,2299,3747,0.44990215264187866,0.7332681017612525
30,False,MOND_AMBER,FOOD_TEA_BREAK_PANCAKE,5536,5536,90,90,766,766,766,766,0.13836705202312138,0.13836705202312138
30,False,MOND_AMBER,FOOD_SWEET_MADAME,5536,5536,180,180,1533,1533,1533,1533,0.2769147398843931,0.2769147398843931
30,False,MOND_AMBER,FOOD_HASH_BROWN,5536,5536,220,340,1874,2896,1874,2896,0.33851156069364163,0.523121387283237
30,False,MOND_AMBER,FOOD_PIZZA,5536,5536,130,260,1107,2214,1107,2214,0.19996387283236994,0.3999277456647399
30,False,MOND_AMBER,FOOD_PANCAKE_TEA_BREAK,5536,5536,170,240,1448,2044,1448,2044,0.2615606936416185,0.36921965317919075
30,False,MOND_AMBER,FOOD_VEGETARIAN_ABALONE,5536,5536,170,360,1448,3066,1448,3066,0.2615606936416185,0.5538294797687862
30,False,MOND_AMBER,FOOD_PERCH_STEW,5536,5536,260,440,2214,3747,2214,3747,0.3999277456647399,0.676842485549133
30,False,MOND_AMBER,FOOD_CRAB_HAM_BAKE,5536,5536,230,400,1959,3407,1959,3407,0.35386560693641617,0.6154263005780347
30,False,MOND_AMBER,FOOD_FULLMOON_EGG,5536,5536,230,420,1959,3577,1959,3577,0.35386560693641617,0.6461343930635838
30,False,MOND_AMBER,FOOD_FISH_NOODLES,5536,5536,170,360,1448,3066,1448,3066,0.2615606936416185,0.5538294797687862
30,False,MOND_AMBER,FOOD_LUCKY_SNOW_DELIGHT,5536,5536,270,440,2299,3747,2299,3747,0.41528179190751446,0.676842485549133
30,False,MOND_JEAN,FOOD_TEA_BREAK_PANCAKE,7983,7983,90,90,859,859,859,859,0.10760365777276713,0.10760365777276713
30,False,MOND_JEAN,FOOD_SWEET_MADAME,7983,7983,180,180,1719,1719,1719,1719,0.2153325817361894,0.2153325817361894
30,False,MOND_JEAN,FOOD_HASH_BROWN,7983,7983,220,340,2101,3247,2101,3247,0.2631842665664537,0.40673932105724664
30,False,MOND_JEAN,FOOD_PIZZA,7983,7983,130,260,1241,2483,1241,2483,0.15545534260303145,0.311035951396718
30,False,MOND_JEAN,FOOD_PANCAKE_TEA_BREAK,7983,7983,170,240,1623,2292,1623,2292,0.20330702743329576,0.28711010898158584
30,False,MOND_JEAN,FOOD_VEGETARIAN_ABALONE,7983,7983,170,360,1623,3438,1623,3438,0.20330702743329576,0.4306651634723788
30,False,MOND_JEAN,FOOD_PERCH_STEW,7983,7983,260,440,2483,4202,2483,4202,0.311035951396718,0.5263685331329074
30,False,MOND_JEAN,FOOD_CRAB_HAM_BAKE,7983,7983,230,400,2196,3820,2196,3820,0.2750845546786922,0.4785168483026431
30,False,MOND_JEAN,FOOD_FULLMOON_EGG,7983,7983,230,420,2196,4011,2196,4011,0.2750845546786922,0.5024426907177753
30,False,MOND_JEAN,FOOD_FISH_NOODLES,7983,7983,170,360,1623,3438,1623,3438,0.20330702743329576,0.4306651634723788
30,False,MOND_JEAN,FOOD_LUCKY_SNOW_DELIGHT,7983,7983,270,440,2578,4202,2578,4202,0.32293623950895656,0.5263685331329074
30,False,LIYUE_ZHONGLI,FOOD_TEA_BREAK_PANCAKE,12290,12290,90,90,859,859,859,859,0.06989422294548413,0.06989422294548413
30,False,LIYUE_ZHONGLI,FOOD_SWEET_MADAME,12290,12290,180,180,1719,1719,1719,1719,0.13986981285598046,0.13986981285598046
30,False,LIYUE_ZHONGLI,FOOD_HASH_BROWN,12290,12290,220,340,2101,3247,2101,3247,0.1709519934906428,0.2641985353946298
30,False,LIYUE_ZHONGLI,FOOD_PIZZA,12290,12290,130,260,1241,2483,1241,2483,0.10097640358014646,0.20203417412530514
30,False,LIYUE_ZHONGLI,FOOD_PANCAKE_TEA_BREAK,12290,12290,170,240,1623,2292,1623,2292,0.1320585842148088,0.18649308380797397
30,False,LIYUE_ZHONGLI,FOOD_VEGETARIAN_ABALONE,12290,12290,170,360,1623,3438,1623,3438,0.1320585842148088,0.2797396257119609
30,False,LIYUE_ZHONGLI,FOOD_PERCH_STEW,12290,12290,260,440,2483,4202,2483,4202,0.20203417412530514,0.3419039869812856
30,False,LIYUE_ZHONGLI,FOOD_CRAB_HAM_BAKE,12290,12290,230,400,2196,3820,2196,3820,0.17868185516680227,0.31082180634662326
30,False,LIYUE_ZHONGLI,FOOD_FULLMOON_EGG,12290,12290,230,420,2196,4011,2196,4011,0.17868185516680227,0.32636289666395446
30,False,LIYUE_ZHONGLI,FOOD_FISH_NOODLES,12290,12290,170,360,1623,3438,1623,3438,0.1320585842148088,0.2797396257119609
30,False,LIYUE_ZHONGLI,FOOD_LUCKY_SNOW_DELIGHT,12290,12290,270,440,2578,4202,2578,4202,0.2097640358014646,0.3419039869812856
30,True,PLAYER_CUSTOM,FOOD_TEA_BREAK_PANCAKE,5607,5607,90,90,766,766,766,766,0.13661494560370965,0.13661494560370965
30,True,PLAYER_CUSTOM,FOOD_SWEET_MADAME,5607,5607,180,180,1533,1533,1533,1533,0.27340823970037453,0.27340823970037453
30,True,PLAYER_CUSTOM,FOOD_HASH_BROWN,5607,5607,220,340,1874,2896,1874,2896,0.3342250757981095,0.5164972355983591
30,True,PLAYER_CUSTOM,FOOD_PIZZA,5607,5607,130,260,1107,2214,1107,2214,0.19743178170144463,0.39486356340288925
30,True,PLAYER_CUSTOM,FOOD_PANCAKE_TEA_BREAK,5607,5607,170,240,1448,2044,1448,2044,0.25824861779917957,0.3645443196004994
30,True,PLAYER_CUSTOM,FOOD_VEGETARIAN_ABALONE,5607,5607,170,360,1448,3066,1448,3066,0.25824861779917957,0.5468164794007491
30,True,PLAYER_CUSTOM,FOOD_PERCH_STEW,5607,5607,260,440,2214,3747,2214,3747,0.39486356340288925,0.6682718031032637
30,True,PLAYER_CUSTOM,FOOD_CRAB_HAM_BAKE,5607,5607,230,400,1959,3407,1959,3407,0.3493846976993044,0.607633315498484
30,True,PLAYER_CUSTOM,FOOD_FULLMOON_EGG,5607,5607,230,420,1959,3577,1959,3577,0.3493846976993044,0.6379525593008739
30,True,PLAYER_CUSTOM,FOOD_FISH_NOODLES,5607,5607,170,360,1448,3066,1448,3066,0.25824861779917957,0.5468164794007491
30,True,PLAYER_CUSTOM,FOOD_LUCKY_SNOW_DELIGHT,5607,5607,270,440,2299,3747,2299,3747,0.41002318530408416,0.6682718031032637
30,True,MOND_AMBER,FOOD_TEA_BREAK_PANCAKE,6034,6034,90,90,766,766,766,766,0.12694729864103413,0.12694729864103413
30,True,MOND_AMBER,FOOD_SWEET_MADAME,6034,6034,180,180,1533,1533,1533,1533,0.25406032482598606,0.25406032482598606
30,True,MOND_AMBER,FOOD_HASH_BROWN,6034,6034,220,340,1874,2896,1874,2896,0.3105734173019556,0.4799469671859463
30,True,MOND_AMBER,FOOD_PIZZA,6034,6034,130,260,1107,2214,1107,2214,0.18346039111700366,0.3669207822340073
30,True,MOND_AMBER,FOOD_PANCAKE_TEA_BREAK,6034,6034,170,240,1448,2044,1448,2044,0.23997348359297316,0.33874709976798145
30,True,MOND_AMBER,FOOD_VEGETARIAN_ABALONE,6034,6034,170,360,1448,3066,1448,3066,0.23997348359297316,0.5081206496519721
30,True,MOND_AMBER,FOOD_PERCH_STEW,6034,6034,260,440,2214,3747,2214,3747,0.3669207822340073,0.6209811070599933
30,True,MOND_AMBER,FOOD_CRAB_HAM_BAKE,6034,6034,230,400,1959,3407,1959,3407,0.3246602585349685,0.5646337421279417
30,True,MOND_AMBER,FOOD_FULLMOON_EGG,6034,6034,230,420,1959,3577,1959,3577,0.3246602585349685,0.5928074245939675
30,True,MOND_AMBER,FOOD_FISH_NOODLES,6034,6034,170,360,1448,3066,1448,3066,0.23997348359297316,0.5081206496519721
30,True,MOND_AMBER,FOOD_LUCKY_SNOW_DELIGHT,6034,6034,270,440,2299,3747,2299,3747,0.3810076234670202,0.6209811070599933
30,True,MOND_JEAN,FOOD_TEA_BREAK_PANCAKE,8541,8541,90,90,859,859,859,859,0.10057370331342934,0.10057370331342934
30,True,MOND_JEAN,FOOD_SWEET_MADAME,8541,8541,180,180,1719,1719,1719,1719,0.20126448893572182,0.20126448893572182
30,True,MOND_JEAN,FOOD_HASH_BROWN,8541,8541,220,340,2101,3247,2101,3247,0.24598993092143778,0.38016625687858563
30,True,MOND_JEAN,FOOD_PIZZA,8541,8541,130,260,1241,2483,1241,2483,0.1452991452991453,0.2907153729071537
30,True,MOND_JEAN,FOOD_PANCAKE_TEA_BREAK,8541,8541,170,240,1623,2292,1623,2292,0.19002458728486127,0.26835265191429575
30,True,MOND_JEAN,FOOD_VEGETARIAN_ABALONE,8541,8541,170,360,1623,3438,1623,3438,0.19002458728486127,0.40252897787144365
30,True,MOND_JEAN,FOOD_PERCH_STEW,8541,8541,260,440,2483,4202,2483,4202,0.2907153729071537,0.49197986184287557
30,True,MOND_JEAN,FOOD_CRAB_HAM_BAKE,8541,8541,230,400,2196,3820,2196,3820,0.2571127502634352,0.4472544198571596
30,True,MOND_JEAN,FOOD_FULLMOON_EGG,8541,8541,230,420,2196,4011,2196,4011,0.2571127502634352,0.46961714085001754
30,True,MOND_JEAN,FOOD_FISH_NOODLES,8541,8541,170,360,1623,3438,1623,3438,0.19002458728486127,0.40252897787144365
30,True,MOND_JEAN,FOOD_LUCKY_SNOW_DELIGHT,8541,8541,270,440,2578,4202,2578,4202,0.30183819224915115,0.49197986184287557
30,True,LIYUE_ZHONGLI,FOOD_TEA_BREAK_PANCAKE,12848,12848,90,90,859,859,859,859,0.06685865504358655,0.06685865504358655
30,True,LIYUE_ZHONGLI,FOOD_SWEET_MADAME,12848,12848,180,180,1719,1719,1719,1719,0.13379514321295144,0.13379514321295144
30,True,LIYUE_ZHONGLI,FOOD_HASH_BROWN,12848,12848,220,340,2101,3247,2101,3247,0.16352739726027396,0.2527241594022416
30,True,LIYUE_ZHONGLI,FOOD_PIZZA,12848,12848,130,260,1241,2483,1241,2483,0.09659090909090909,0.1932596513075965
30,True,LIYUE_ZHONGLI,FOOD_PANCAKE_TEA_BREAK,12848,12848,170,240,1623,2292,1623,2292,0.12632316313823164,0.17839352428393523
30,True,LIYUE_ZHONGLI,FOOD_VEGETARIAN_ABALONE,12848,12848,170,360,1623,3438,1623,3438,0.12632316313823164,0.2675902864259029
30,True,LIYUE_ZHONGLI,FOOD_PERCH_STEW,12848,12848,260,440,2483,4202,2483,4202,0.1932596513075965,0.3270547945205479
30,True,LIYUE_ZHONGLI,FOOD_CRAB_HAM_BAKE,12848,12848,230,400,2196,3820,2196,3820,0.17092154420921543,0.2973225404732254
30,True,LIYUE_ZHONGLI,FOOD_FULLMOON_EGG,12848,12848,230,420,2196,4011,2196,4011,0.17092154420921543,0.3121886674968867
30,True,LIYUE_ZHONGLI,FOOD_FISH_NOODLES,12848,12848,170,360,1623,3438,1623,3438,0.12632316313823164,0.2675902864259029
30,True,LIYUE_ZHONGLI,FOOD_LUCKY_SNOW_DELIGHT,12848,12848,270,440,2578,4202,2578,4202,0.20065379825653798,0.3270547945205479
40,False,PLAYER_CUSTOM,FOOD_TEA_BREAK_PANCAKE,8091,8091,90,90,1214,1214,1214,1214,0.15004325794092202,0.15004325794092202
40,False,PLAYER_CUSTOM,FOOD_SWEET_MADAME,8091,8091,180,180,2427,2427,2427,2427,0.299962921764924,0.299962921764924
40,False,PLAYER_CUSTOM,FOOD_HASH_BROWN,8091,8091,220,340,2967,4585,2967,4585,0.3667037449017427,0.5666790260783586
40,False,PLAYER_CUSTOM,FOOD_PIZZA,8091,8091,130,260,1753,3506,1753,3506,0.21666048696082066,0.4333209739216413
40,False,PLAYER_CUSTOM,FOOD_PANCAKE_TEA_BREAK,8091,8091,170,240,2293,3237,2293,3237,0.28340131009763936,0.40007415647015204
40,False,PLAYER_CUSTOM,FOOD_VEGETARIAN_ABALONE,8091,8091,170,360,2293,4855,2293,4855,0.28340131009763936,0.600049437646768
40,False,PLAYER_CUSTOM,FOOD_PERCH_STEW,8091,8091,260,440,3506,5934,3506,5934,0.4333209739216413,0.7334074898034854
40,False,PLAYER_CUSTOM,FOOD_CRAB_HAM_BAKE,8091,8091,230,400,3102,5394,3102,5394,0.38338895068594736,0.6666666666666666
40,False,PLAYER_CUSTOM,FOOD_FULLMOON_EGG,8091,8091,230,420,3102,5664,3102,5664,0.38338895068594736,0.700037078235076
40,False,PLAYER_CUSTOM,FOOD_FISH_NOODLES,8091,8091,170,360,2293,4855,2293,4855,0.28340131009763936,0.600049437646768
40,False,PLAYER_CUSTOM,FOOD_LUCKY_SNOW_DELIGHT,8091,8091,270,440,3641,5934,3641,5934,0.450006179705846,0.7334074898034854
40,False,MOND_AMBER,FOOD_TEA_BREAK_PANCAKE,8766,8766,90,90,1214,1214,1214,1214,0.13848961898243212,0.13848961898243212
40,False,MOND_AMBER,FOOD_SWEET_MADAME,8766,8766,180,180,2427,2427,2427,2427,0.27686516084873375,0.27686516084873375
40,False,MOND_AMBER,FOOD_HASH_BROWN,8766,8766,220,340,2967,4585,2967,4585,0.338466803559206,0.5230435774583618
40,False,MOND_AMBER,FOOD_PIZZA,8766,8766,130,260,1753,3506,1753,3506,0.1999771845767739,0.3999543691535478
40,False,MOND_AMBER,FOOD_PANCAKE_TEA_BREAK,8766,8766,170,240,2293,3237,2293,3237,0.2615788272872462,0.36926762491444215
40,False,MOND_AMBER,FOOD_VEGETARIAN_ABALONE,8766,8766,170,360,2293,4855,2293,4855,0.2615788272872462,0.553844398813598
40,False,MOND_AMBER,FOOD_PERCH_STEW,8766,8766,260,440,3506,5934,3506,5934,0.3999543691535478,0.676933607118412
40,False,MOND_AMBER,FOOD_CRAB_HAM_BAKE,8766,8766,230,400,3102,5394,3102,5394,0.3538672142368241,0.6153319644079398
40,False,MOND_AMBER,FOOD_FULLMOON_EGG,8766,8766,230,420,3102,5664,3102,5664,0.3538672142368241,0.6461327857631759
40,False,MOND_AMBER,FOOD_FISH_NOODLES,8766,8766,170,360,2293,4855,2293,4855,0.2615788272872462,0.553844398813598
40,False,MOND_AMBER,FOOD_LUCKY_SNOW_DELIGHT,8766,8766,270,440,3641,5934,3641,5934,0.41535477983116587,0.676933607118412
40,False,MOND_JEAN,FOOD_TEA_BREAK_PANCAKE,13103,13103,90,90,1411,1411,1411,1411,0.10768526291688926,0.10768526291688926
40,False,MOND_JEAN,FOOD_SWEET_MADAME,13103,13103,180,180,2821,2821,2821,2821,0.21529420743341218,0.21529420743341218
40,False,MOND_JEAN,FOOD_HASH_BROWN,13103,13103,220,340,3448,5329,3448,5329,0.2631458444631001,0.4067007555521636
40,False,MOND_JEAN,FOOD_PIZZA,13103,13103,130,260,2037,4075,2037,4075,0.15546058154621079,0.3109974814927879
40,False,MOND_JEAN,FOOD_PANCAKE_TEA_BREAK,13103,13103,170,240,2664,3761,2664,3761,0.20331221857589865,0.2870335037777608
40,False,MOND_JEAN,FOOD_VEGETARIAN_ABALONE,13103,13103,170,360,2664,5642,2664,5642,0.20331221857589865,0.43058841486682436
40,False,MOND_JEAN,FOOD_PERCH_STEW,13103,13103,260,440,4075,6896,4075,6896,0.3109974814927879,0.5262916889262002
40,False,MOND_JEAN,FOOD_CRAB_HAM_BAKE,13103,13103,230,400,3605,6269,3605,6269,0.2751278333206136,0.47844005189651223
40,False,MOND_JEAN,FOOD_FULLMOON_EGG,13103,13103,230,420,3605,6583,3605,6583,0.2751278333206136,0.5024040296115393
40,False,MOND_JEAN,FOOD_FISH_NOODLES,13103,13103,170,360,2664,5642,2664,5642,0.20331221857589865,0.43058841486682436
40,False,MOND_JEAN,FOOD_LUCKY_SNOW_DELIGHT,13103,13103,270,440,4232,6896,4232,6896,0.32297947035030145,0.5262916889262002
40,False,LIYUE_ZHONGLI,FOOD_TEA_BREAK_PANCAKE,20170,20170,90,90,1411,1411,1411,1411,0.0699553792761527,0.0699553792761527
40,False,LIYUE_ZHONGLI,FOOD_SWEET_MADAME,20170,20170,180,180,2821,2821,2821,2821,0.13986117997025285,0.13986117997025285
40,False,LIYUE_ZHONGLI,FOOD_HASH_BROWN,20170,20170,220,340,3448,5329,3448,5329,0.17094695091720377,0.2642042637580565
40,False,LIYUE_ZHONGLI,FOOD_PIZZA,20170,20170,130,260,2037,4075,2037,4075,0.10099157164105106,0.2020327218641547
40,False,LIYUE_ZHONGLI,FOOD_PANCAKE_TEA_BREAK,20170,20170,170,240,2664,3761,2664,3761,0.132077342588002,0.18646504709965295
40,False,LIYUE_ZHONGLI,FOOD_VEGETARIAN_ABALONE,20170,20170,170,360,2664,5642,2664,5642,0.132077342588002,0.2797223599405057
40,False,LIYUE_ZHONGLI,FOOD_PERCH_STEW,20170,20170,260,440,4075,6896,4075,6896,0.2020327218641547,0.34189390183440754
40,False,LIYUE_ZHONGLI,FOOD_CRAB_HAM_BAKE,20170,20170,230,400,3605,6269,3605,6269,0.17873078829945463,0.3108081308874566
40,False,LIYUE_ZHONGLI,FOOD_FULLMOON_EGG,20170,20170,230,420,3605,6583,3605,6583,0.17873078829945463,0.32637580565195834
40,False,LIYUE_ZHONGLI,FOOD_FISH_NOODLES,20170,20170,170,360,2664,5642,2664,5642,0.132077342588002,0.2797223599405057
40,False,LIYUE_ZHONGLI,FOOD_LUCKY_SNOW_DELIGHT,20170,20170,270,440,4232,6896,4232,6896,0.20981655924640555,0.34189390183440754
40,True,PLAYER_CUSTOM,FOOD_TEA_BREAK_PANCAKE,8649,8649,90,90,1214,1214,1214,1214,0.1403630477511851,0.1403630477511851
40,True,PLAYER_CUSTOM,FOOD_SWEET_MADAME,8649,8649,180,180,2427,2427,2427,2427,0.28061047519944504,0.28061047519944504
40,True,PLAYER_CUSTOM,FOOD_HASH_BROWN,8649,8649,220,340,2967,4585,2967,4585,0.3430454387790496,0.530119088912013
40,True,PLAYER_CUSTOM,FOOD_PIZZA,8649,8649,130,260,1753,3506,1753,3506,0.2026823910278645,0.405364782055729
40,True,PLAYER_CUSTOM,FOOD_PANCAKE_TEA_BREAK,8649,8649,170,240,2293,3237,2293,3237,0.26511735460746905,0.3742629205688519
40,True,PLAYER_CUSTOM,FOOD_VEGETARIAN_ABALONE,8649,8649,170,360,2293,4855,2293,4855,0.26511735460746905,0.5613365707018152
40,True,PLAYER_CUSTOM,FOOD_PERCH_STEW,8649,8649,260,440,3506,5934,3506,5934,0.405364782055729,0.6860908775580992
40,True,PLAYER_CUSTOM,FOOD_CRAB_HAM_BAKE,8649,8649,230,400,3102,5394,3102,5394,0.35865417967395075,0.6236559139784946
40,True,PLAYER_CUSTOM,FOOD_FULLMOON_EGG,8649,8649,230,420,3102,5664,3102,5664,0.35865417967395075,0.654873395768297
40,True,PLAYER_CUSTOM,FOOD_FISH_NOODLES,8649,8649,170,360,2293,4855,2293,4855,0.26511735460746905,0.5613365707018152
40,True,PLAYER_CUSTOM,FOOD_LUCKY_SNOW_DELIGHT,8649,8649,270,440,3641,5934,3641,5934,0.4209735229506301,0.6860908775580992
40,True,MOND_AMBER,FOOD_TEA_BREAK_PANCAKE,9324,9324,90,90,1214,1214,1214,1214,0.1302016302016302,0.1302016302016302
40,True,MOND_AMBER,FOOD_SWEET_MADAME,9324,9324,180,180,2427,2427,2427,2427,0.2602960102960103,0.2602960102960103
40,True,MOND_AMBER,FOOD_HASH_BROWN,9324,9324,220,340,2967,4585,2967,4585,0.3182110682110682,0.49174174174174173
40,True,MOND_AMBER,FOOD_PIZZA,9324,9324,130,260,1753,3506,1753,3506,0.188009438009438,0.376018876018876
40,True,MOND_AMBER,FOOD_PANCAKE_TEA_BREAK,9324,9324,170,240,2293,3237,2293,3237,0.24592449592449592,0.34716859716859716
40,True,MOND_AMBER,FOOD_VEGETARIAN_ABALONE,9324,9324,170,360,2293,4855,2293,4855,0.24592449592449592,0.5206992706992707
40,True,MOND_AMBER,FOOD_PERCH_STEW,9324,9324,260,440,3506,5934,3506,5934,0.376018876018876,0.6364221364221364
40,True,MOND_AMBER,FOOD_CRAB_HAM_BAKE,9324,9324,230,400,3102,5394,3102,5394,0.3326898326898327,0.5785070785070785
40,True,MOND_AMBER,FOOD_FULLMOON_EGG,9324,9324,230,420,3102,5664,3102,5664,0.3326898326898327,0.6074646074646075
40,True,MOND_AMBER,FOOD_FISH_NOODLES,9324,9324,170,360,2293,4855,2293,4855,0.24592449592449592,0.5206992706992707
40,True,MOND_AMBER,FOOD_LUCKY_SNOW_DELIGHT,9324,9324,270,440,3641,5934,3641,5934,0.3904976404976405,0.6364221364221364
40,True,MOND_JEAN,FOOD_TEA_BREAK_PANCAKE,13751,13751,90,90,1411,1411,1411,1411,0.10261071922042034,0.10261071922042034
40,True,MOND_JEAN,FOOD_SWEET_MADAME,13751,13751,180,180,2821,2821,2821,2821,0.20514871645698496,0.20514871645698496
40,True,MOND_JEAN,FOOD_HASH_BROWN,13751,13751,220,340,3448,5329,3448,5329,0.25074540033452114,0.3875354519671297
40,True,MOND_JEAN,FOOD_PIZZA,13751,13751,130,260,2037,4075,2037,4075,0.1481346811141008,0.2963420842120573
40,True,MOND_JEAN,FOOD_PANCAKE_TEA_BREAK,13751,13751,170,240,2664,3761,2664,3761,0.19373136499163698,0.2735073812813614
40,True,MOND_JEAN,FOOD_VEGETARIAN_ABALONE,13751,13751,170,360,2664,5642,2664,5642,0.19373136499163698,0.4102974329139699
40,True,MOND_JEAN,FOOD_PERCH_STEW,13751,13751,260,440,4075,6896,4075,6896,0.2963420842120573,0.5014908006690423
40,True,MOND_JEAN,FOOD_CRAB_HAM_BAKE,13751,13751,230,400,3605,6269,3605,6269,0.2621627517998691,0.4558941167915061
40,True,MOND_JEAN,FOOD_FULLMOON_EGG,13751,13751,230,420,3605,6583,3605,6583,0.2621627517998691,0.47872881972220205
40,True,MOND_JEAN,FOOD_FISH_NOODLES,13751,13751,170,360,2664,5642,2664,5642,0.19373136499163698,0.4102974329139699
40,True,MOND_JEAN,FOOD_LUCKY_SNOW_DELIGHT,13751,13751,270,440,4232,6896,4232,6896,0.30775943567740527,0.5014908006690423
40,True,LIYUE_ZHONGLI,FOOD_TEA_BREAK_PANCAKE,20819,20819,90,90,1411,1411,1411,1411,0.06777462894471396,0.06777462894471396
40,True,LIYUE_ZHONGLI,FOOD_SWEET_MADAME,20819,20819,180,180,2821,2821,2821,2821,0.13550122484269178,0.13550122484269178
40,True,LIYUE_ZHONGLI,FOOD_HASH_BROWN,20819,20819,220,340,3448,5329,3448,5329,0.16561794514626063,0.2559681060569672
40,True,LIYUE_ZHONGLI,FOOD_PIZZA,20819,20819,130,260,2037,4075,2037,4075,0.09784331620154667,0.19573466544982948
40,True,LIYUE_ZHONGLI,FOOD_PANCAKE_TEA_BREAK,20819,20819,170,240,2664,3761,2664,3761,0.12796003650511553,0.18065228877467698
40,True,LIYUE_ZHONGLI,FOOD_VEGETARIAN_ABALONE,20819,20819,170,360,2664,5642,2664,5642,0.12796003650511553,0.27100244968538356
40,True,LIYUE_ZHONGLI,FOOD_PERCH_STEW,20819,20819,260,440,4075,6896,4075,6896,0.19573466544982948,0.33123589029252126
40,True,LIYUE_ZHONGLI,FOOD_CRAB_HAM_BAKE,20819,20819,230,400,3605,6269,3605,6269,0.17315913348383688,0.3011191699889524
40,True,LIYUE_ZHONGLI,FOOD_FULLMOON_EGG,20819,20819,230,420,3605,6583,3605,6583,0.17315913348383688,0.3162015466641049
40,True,LIYUE_ZHONGLI,FOOD_FISH_NOODLES,20819,20819,170,360,2664,5642,2664,5642,0.12796003650511553,0.27100244968538356
40,True,LIYUE_ZHONGLI,FOOD_LUCKY_SNOW_DELIGHT,20819,20819,270,440,4232,6896,4232,6896,0.20327585378740573,0.33123589029252126
50,False,PLAYER_CUSTOM,FOOD_TEA_BREAK_PANCAKE,11977,11977,90,90,1797,1797,1797,1797,0.15003757201302498,0.15003757201302498
50,False,PLAYER_CUSTOM,FOOD_SWEET_MADAME,11977,11977,180,180,3593,3593,3593,3593,0.2999916506637722,0.2999916506637722
50,False,PLAYER_CUSTOM,FOOD_HASH_BROWN,11977,11977,220,340,4392,6787,4392,6787,0.3667028471236537,0.5666694497787426
50,False,PLAYER_CUSTOM,FOOD_PIZZA,11977,11977,130,260,2595,5190,2595,5190,0.2166652751106287,0.4333305502212574
50,False,PLAYER_CUSTOM,FOOD_PANCAKE_TEA_BREAK,11977,11977,170,240,3394,4791,3394,4791,0.28337647157051016,0.40001669867245554
50,False,PLAYER_CUSTOM,FOOD_VEGETARIAN_ABALONE,11977,11977,170,360,3394,7186,3394,7186,0.28337647157051016,0.5999833013275444
50,False,PLAYER_CUSTOM,FOOD_PERCH_STEW,11977,11977,260,440,5190,8783,5190,8783,0.4333305502212574,0.7333222008850296
50,False,PLAYER_CUSTOM,FOOD_CRAB_HAM_BAKE,11977,11977,230,400,4591,7985,4591,7985,0.38331802621691574,0.666694497787426
50,False,PLAYER_CUSTOM,FOOD_FULLMOON_EGG,11977,11977,230,420,4591,8384,4591,8384,0.38331802621691574,0.7000083493362278
50,False,PLAYER_CUSTOM,FOOD_FISH_NOODLES,11977,11977,170,360,3394,7186,3394,7186,0.28337647157051016,0.5999833013275444
50,False,PLAYER_CUSTOM,FOOD_LUCKY_SNOW_DELIGHT,11977,11977,270,440,5390,8783,5390,8783,0.4500292226767972,0.7333222008850296
50,False,MOND_AMBER,FOOD_TEA_BREAK_PANCAKE,12976,12976,90,90,1797,1797,1797,1797,0.13848643649815043,0.13848643649815043
50,False,MOND_AMBER,FOOD_SWEET_MADAME,12976,12976,180,180,3593,3593,3593,3593,0.27689580764488286,0.27689580764488286
50,False,MOND_AMBER,FOOD_HASH_BROWN,12976,12976,220,340,4392,6787,4392,6787,0.33847102342786684,0.5230425400739828
50,False,MOND_AMBER,FOOD_PIZZA,12976,12976,130,260,2595,5190,2595,5190,0.1999845869297164,0.3999691738594328
50,False,MOND_AMBER,FOOD_PANCAKE_TEA_BREAK,12976,12976,170,240,3394,4791,3394,4791,0.26155980271270035,0.3692200986436498
50,False,MOND_AMBER,FOOD_VEGETARIAN_ABALONE,12976,12976,170,360,3394,7186,3394,7186,0.26155980271270035,0.5537916152897657
50,False,MOND_AMBER,FOOD_PERCH_STEW,12976,12976,260,440,5190,8783,5190,8783,0.3999691738594328,0.6768649815043156
50,False,MOND_AMBER,FOOD_CRAB_HAM_BAKE,12976,12976,230,400,4591,7985,4591,7985,0.35380702836004935,0.6153668310727497
50,False,MOND_AMBER,FOOD_FULLMOON_EGG,12976,12976,230,420,4591,8384,4591,8384,0.35380702836004935,0.6461159062885327
50,False,MOND_AMBER,FOOD_FISH_NOODLES,12976,12976,170,360,3394,7186,3394,7186,0.26155980271270035,0.5537916152897657
50,False,MOND_AMBER,FOOD_LUCKY_SNOW_DELIGHT,12976,12976,270,440,5390,8783,5390,8783,0.4153822441430333,0.6768649815043156
50,False,MOND_JEAN,FOOD_TEA_BREAK_PANCAKE,19945,19945,90,90,2147,2147,2147,2147,0.10764602657307595,0.10764602657307595
50,False,MOND_JEAN,FOOD_SWEET_MADAME,19945,19945,180,180,4294,4294,4294,4294,0.2152920531461519,0.2152920531461519
50,False,MOND_JEAN,FOOD_HASH_BROWN,19945,19945,220,340,5249,8111,5249,8111,0.26317372775131614,0.40666833792930557
50,False,MOND_JEAN,FOOD_PIZZA,19945,19945,130,260,3101,6203,3101,6203,0.15547756329907245,0.31100526447731264
50,False,MOND_JEAN,FOOD_PANCAKE_TEA_BREAK,19945,19945,170,240,4056,5726,4056,5726,0.20335923790423666,0.2870894961143144
50,False,MOND_JEAN,FOOD_VEGETARIAN_ABALONE,19945,19945,170,360,4056,8589,4056,8589,0.20335923790423666,0.43063424417147156
50,False,MOND_JEAN,FOOD_PERCH_STEW,19945,19945,260,440,6203,10497,6203,10497,0.31100526447731264,0.5262973176234645
50,False,MOND_JEAN,FOOD_CRAB_HAM_BAKE,19945,19945,230,400,5487,9543,5487,9543,0.2751065429932314,0.47846578089746805
50,False,MOND_JEAN,FOOD_FULLMOON_EGG,19945,19945,230,420,5487,10020,5487,10020,0.2751065429932314,0.5023815492604663
50,False,MOND_JEAN,FOOD_FISH_NOODLES,19945,19945,170,360,4056,8589,4056,8589,0.20335923790423666,0.43063424417147156
50,False,MOND_JEAN,FOOD_LUCKY_SNOW_DELIGHT,19945,19945,270,440,6441,10497,6441,10497,0.3229380797192279,0.5262973176234645
50,False,LIYUE_ZHONGLI,FOOD_TEA_BREAK_PANCAKE,30703,30703,90,90,2147,2147,2147,2147,0.069928020063186,0.069928020063186
50,False,LIYUE_ZHONGLI,FOOD_SWEET_MADAME,30703,30703,180,180,4294,4294,4294,4294,0.139856040126372,0.139856040126372
50,False,LIYUE_ZHONGLI,FOOD_HASH_BROWN,30703,30703,220,340,5249,8111,5249,8111,0.17096049246002018,0.2641761391394978
50,False,LIYUE_ZHONGLI,FOOD_PIZZA,30703,30703,130,260,3101,6203,3101,6203,0.10099990228967853,0.20203237468651272
50,False,LIYUE_ZHONGLI,FOOD_PANCAKE_TEA_BREAK,30703,30703,170,240,4056,5726,4056,5726,0.1321043546233267,0.18649643357326645
50,False,LIYUE_ZHONGLI,FOOD_VEGETARIAN_ABALONE,30703,30703,170,360,4056,8589,4056,8589,0.1321043546233267,0.2797446503598997
50,False,LIYUE_ZHONGLI,FOOD_PERCH_STEW,30703,30703,260,440,6203,10497,6203,10497,0.20203237468651272,0.34188841481288473
50,False,LIYUE_ZHONGLI,FOOD_CRAB_HAM_BAKE,30703,30703,230,400,5487,9543,5487,9543,0.1787121779630655,0.3108165325863922
50,False,LIYUE_ZHONGLI,FOOD_FULLMOON_EGG,30703,30703,230,420,5487,10020,5487,10020,0.1787121779630655,0.3263524736996385
50,False,LIYUE_ZHONGLI,FOOD_FISH_NOODLES,30703,30703,170,360,4056,8589,4056,8589,0.1321043546233267,0.2797446503598997
50,False,LIYUE_ZHONGLI,FOOD_LUCKY_SNOW_DELIGHT,30703,30703,270,440,6441,10497,6441,10497,0.20978406018955803,0.34188841481288473
50,True,PLAYER_CUSTOM,FOOD_TEA_BREAK_PANCAKE,12595,12595,90,90,1797,1797,1797,1797,0.1426756649464073,0.1426756649464073
50,True,PLAYER_CUSTOM,FOOD_SWEET_MADAME,12595,12595,180,180,3593,3593,3593,3593,0.2852719333068678,0.2852719333068678
50,True,PLAYER_CUSTOM,FOOD_HASH_BROWN,12595,12595,220,340,4392,6787,4392,6787,0.34870980547836444,0.5388646288209606
50,True,PLAYER_CUSTOM,FOOD_PIZZA,12595,12595,130,260,2595,5190,2595,5190,0.20603414053195712,0.41206828106391424
50,True,PLAYER_CUSTOM,FOOD_PANCAKE_TEA_BREAK,12595,12595,170,240,3394,4791,3394,4791,0.2694720127034538,0.3803890432711393
50,True,PLAYER_CUSTOM,FOOD_VEGETARIAN_ABALONE,12595,12595,170,360,3394,7186,3394,7186,0.2694720127034538,0.5705438666137356
50,True,PLAYER_CUSTOM,FOOD_PERCH_STEW,12595,12595,260,440,5190,8783,5190,8783,0.41206828106391424,0.6973402143707821
50,True,PLAYER_CUSTOM,FOOD_CRAB_HAM_BAKE,12595,12595,230,400,4591,7985,4591,7985,0.3645097260817785,0.6339817387852322
50,True,PLAYER_CUSTOM,FOOD_FULLMOON_EGG,12595,12595,230,420,4591,8384,4591,8384,0.3645097260817785,0.6656609765780072
50,True,PLAYER_CUSTOM,FOOD_FISH_NOODLES,12595,12595,170,360,3394,7186,3394,7186,0.2694720127034538,0.5705438666137356
50,True,PLAYER_CUSTOM,FOOD_LUCKY_SNOW_DELIGHT,12595,12595,270,440,5390,8783,5390,8783,0.4279475982532751,0.6973402143707821
50,True,MOND_AMBER,FOOD_TEA_BREAK_PANCAKE,13594,13594,90,90,1797,1797,1797,1797,0.13219067235545093,0.13219067235545093
50,True,MOND_AMBER,FOOD_SWEET_MADAME,13594,13594,180,180,3593,3593,3593,3593,0.264307782845373,0.264307782845373
50,True,MOND_AMBER,FOOD_HASH_BROWN,13594,13594,220,340,4392,6787,4392,6787,0.3230837134029719,0.4992643813447109
50,True,MOND_AMBER,FOOD_PIZZA,13594,13594,130,260,2595,5190,2595,5190,0.19089304104752097,0.38178608209504195
50,True,MOND_AMBER,FOOD_PANCAKE_TEA_BREAK,13594,13594,170,240,3394,4791,3394,4791,0.24966897160511992,0.35243489774900694
50,True,MOND_AMBER,FOOD_VEGETARIAN_ABALONE,13594,13594,170,360,3394,7186,3394,7186,0.24966897160511992,0.528615565690746
50,True,MOND_AMBER,FOOD_PERCH_STEW,13594,13594,260,440,5190,8783,5190,8783,0.38178608209504195,0.6460938649404149
50,True,MOND_AMBER,FOOD_CRAB_HAM_BAKE,13594,13594,230,400,4591,7985,4591,7985,0.33772252464322494,0.5873914962483449
50,True,MOND_AMBER,FOOD_FULLMOON_EGG,13594,13594,230,420,4591,8384,4591,8384,0.33772252464322494,0.6167426805943799
50,True,MOND_AMBER,FOOD_FISH_NOODLES,13594,13594,170,360,3394,7186,3394,7186,0.24966897160511992,0.528615565690746
50,True,MOND_AMBER,FOOD_LUCKY_SNOW_DELIGHT,13594,13594,270,440,5390,8783,5390,8783,0.3964984552008239,0.6460938649404149
50,True,MOND_JEAN,FOOD_TEA_BREAK_PANCAKE,20684,20684,90,90,2147,2147,2147,2147,0.10380003867723844,0.10380003867723844
50,True,MOND_JEAN,FOOD_SWEET_MADAME,20684,20684,180,180,4294,4294,4294,4294,0.2076000773544769,0.2076000773544769
50,True,MOND_JEAN,FOOD_HASH_BROWN,20684,20684,220,340,5249,8111,5249,8111,0.25377103074840457,0.39213885128601816
50,True,MOND_JEAN,FOOD_PIZZA,20684,20684,130,260,3101,6203,3101,6203,0.14992264552310966,0.2998936375942758
50,True,MOND_JEAN,FOOD_PANCAKE_TEA_BREAK,20684,20684,170,240,4056,5726,4056,5726,0.19609359891703732,0.2768323341713402
50,True,MOND_JEAN,FOOD_VEGETARIAN_ABALONE,20684,20684,170,360,4056,8589,4056,8589,0.19609359891703732,0.41524850125701024
50,True,MOND_JEAN,FOOD_PERCH_STEW,20684,20684,260,440,6203,10497,6203,10497,0.2998936375942758,0.5074937149487526
50,True,MOND_JEAN,FOOD_CRAB_HAM_BAKE,20684,20684,230,400,5487,9543,5487,9543,0.26527750918584414,0.46137110810288146
50,True,MOND_JEAN,FOOD_FULLMOON_EGG,20684,20684,230,420,5487,10020,5487,10020,0.26527750918584414,0.48443241152581706
50,True,MOND_JEAN,FOOD_FISH_NOODLES,20684,20684,170,360,4056,8589,4056,8589,0.19609359891703732,0.41524850125701024
50,True,MOND_JEAN,FOOD_LUCKY_SNOW_DELIGHT,20684,20684,270,440,6441,10497,6441,10497,0.31140011603171536,0.5074937149487526
50,True,LIYUE_ZHONGLI,FOOD_TEA_BREAK_PANCAKE,31442,31442,90,90,2147,2147,2147,2147,0.06828446027606386,0.06828446027606386
50,True,LIYUE_ZHONGLI,FOOD_SWEET_MADAME,31442,31442,180,180,4294,4294,4294,4294,0.13656892055212771,0.13656892055212771
50,True,LIYUE_ZHONGLI,FOOD_HASH_BROWN,31442,31442,220,340,5249,8111,5249,8111,0.16694230646905414,0.25796705044208385
50,True,LIYUE_ZHONGLI,FOOD_PIZZA,31442,31442,130,260,3101,6203,3101,6203,0.0986260416004071,0.19728388779339737
50,True,LIYUE_ZHONGLI,FOOD_PANCAKE_TEA_BREAK,31442,31442,170,240,4056,5726,4056,5726,0.1289994275173335,0.18211309713122575
50,True,LIYUE_ZHONGLI,FOOD_VEGETARIAN_ABALONE,31442,31442,170,360,4056,8589,4056,8589,0.1289994275173335,0.2731696456968386
50,True,LIYUE_ZHONGLI,FOOD_PERCH_STEW,31442,31442,260,440,6203,10497,6203,10497,0.19728388779339737,0.3338528083455251
50,True,LIYUE_ZHONGLI,FOOD_CRAB_HAM_BAKE,31442,31442,230,400,5487,9543,5487,9543,0.17451179950384835,0.3035112270211819
50,True,LIYUE_ZHONGLI,FOOD_FULLMOON_EGG,31442,31442,230,420,5487,10020,5487,10020,0.17451179950384835,0.31868201768335347
50,True,LIYUE_ZHONGLI,FOOD_FISH_NOODLES,31442,31442,170,360,4056,8589,4056,8589,0.1289994275173335,0.2731696456968386
50,True,LIYUE_ZHONGLI,FOOD_LUCKY_SNOW_DELIGHT,31442,31442,270,440,6441,10497,6441,10497,0.2048533808281916,0.3338528083455251
60,False,PLAYER_CUSTOM,FOOD_TEA_BREAK_PANCAKE,18383,18383,90,90,2757,2757,2757,2757,0.14997552086166566,0.14997552086166566
60,False,PLAYER_CUSTOM,FOOD_SWEET_MADAME,18383,18383,180,180,5515,5515,5515,5515,0.30000543980851874,0.30000543980851874
60,False,PLAYER_CUSTOM,FOOD_HASH_BROWN,18383,18383,220,340,6741,10417,6741,10417,0.36669749224827286,0.5666648533971604
60,False,PLAYER_CUSTOM,FOOD_PIZZA,18383,18383,130,260,3983,7966,3983,7966,0.21666757330141978,0.43333514660283956
60,False,PLAYER_CUSTOM,FOOD_PANCAKE_TEA_BREAK,18383,18383,170,240,5209,7353,5209,7353,0.2833596257411739,0.3999891203829625
60,False,PLAYER_CUSTOM,FOOD_VEGETARIAN_ABALONE,18383,18383,170,360,5209,11030,5209,11030,0.2833596257411739,0.6000108796170375
60,False,PLAYER_CUSTOM,FOOD_PERCH_STEW,18383,18383,260,440,7966,13481,7966,13481,0.43333514660283956,0.7333405864113584
60,False,PLAYER_CUSTOM,FOOD_CRAB_HAM_BAKE,18383,18383,230,400,7047,12255,7047,12255,0.3833433063156177,0.6666485339716042
60,False,PLAYER_CUSTOM,FOOD_FULLMOON_EGG,18383,18383,230,420,7047,12868,7047,12868,0.3833433063156177,0.6999945601914812
60,False,PLAYER_CUSTOM,FOOD_FISH_NOODLES,18383,18383,170,360,5209,11030,5209,11030,0.2833596257411739,0.6000108796170375
60,False,PLAYER_CUSTOM,FOOD_LUCKY_SNOW_DELIGHT,18383,18383,270,440,8272,13481,8272,13481,0.4499809606701844,0.7333405864113584
60,False,MOND_AMBER,FOOD_TEA_BREAK_PANCAKE,19916,19916,90,90,2757,2757,2757,2757,0.13843141193010644,0.13843141193010644
60,False,MOND_AMBER,FOOD_SWEET_MADAME,19916,19916,180,180,5515,5515,5515,5515,0.27691303474593293,0.27691303474593293
60,False,MOND_AMBER,FOOD_HASH_BROWN,19916,19916,220,340,6741,10417,6741,10417,0.3384715806386825,0.523046796545491
60,False,MOND_AMBER,FOOD_PIZZA,19916,19916,130,260,3983,7966,3983,7966,0.199989957822856,0.399979915645712
60,False,MOND_AMBER,FOOD_PANCAKE_TEA_BREAK,19916,19916,170,240,5209,7353,5209,7353,0.26154850371560556,0.3692006426993372
60,False,MOND_AMBER,FOOD_VEGETARIAN_ABALONE,19916,19916,170,360,5209,11030,5209,11030,0.26154850371560556,0.5538260694918659
60,False,MOND_AMBER,FOOD_PERCH_STEW,19916,19916,260,440,7966,13481,7966,13481,0.399979915645712,0.6768929503916449
60,False,MOND_AMBER,FOOD_CRAB_HAM_BAKE,19916,19916,230,400,7047,12255,7047,12255,0.35383611166900986,0.6153344044988953
60,False,MOND_AMBER,FOOD_FULLMOON_EGG,19916,19916,230,420,7047,12868,7047,12868,0.35383611166900986,0.6461136774452702
60,False,MOND_AMBER,FOOD_FISH_NOODLES,19916,19916,170,360,5209,11030,5209,11030,0.26154850371560556,0.5538260694918659
60,False,MOND_AMBER,FOOD_LUCKY_SNOW_DELIGHT,19916,19916,270,440,8272,13481,8272,13481,0.41534444667603937,0.6768929503916449
60,False,MOND_JEAN,FOOD_TEA_BREAK_PANCAKE,31886,31886,90,90,3433,3433,3433,3433,0.10766480587091513,0.10766480587091513
60,False,MOND_JEAN,FOOD_SWEET_MADAME,31886,31886,180,180,6866,6866,6866,6866,0.21532961174183027,0.21532961174183027
60,False,MOND_JEAN,FOOD_HASH_BROWN,31886,31886,220,340,8391,12968,8391,12968,0.26315624411967636,0.4066988647055134
60,False,MOND_JEAN,FOOD_PIZZA,31886,31886,130,260,4958,9917,4958,9917,0.15549143824876122,0.31101423822367186
60,False,MOND_JEAN,FOOD_PANCAKE_TEA_BREAK,31886,31886,170,240,6484,9154,6484,9154,0.2033494323527567,0.2870852411716741
60,False,MOND_JEAN,FOOD_VEGETARIAN_ABALONE,31886,31886,170,360,6484,13731,6484,13731,0.2033494323527567,0.4306278617575111
60,False,MOND_JEAN,FOOD_PERCH_STEW,31886,31886,260,440,9917,16783,9917,16783,0.31101423822367186,0.5263438499655021
60,False,MOND_JEAN,FOOD_CRAB_HAM_BAKE,31886,31886,230,400,8773,15257,8773,15257,0.2751364235087499,0.4784858558615066
60,False,MOND_JEAN,FOOD_FULLMOON_EGG,31886,31886,230,420,8773,16020,8773,16020,0.2751364235087499,0.5024148529135044
60,False,MOND_JEAN,FOOD_FISH_NOODLES,31886,31886,170,360,6484,13731,6484,13731,0.2033494323527567,0.4306278617575111
60,False,MOND_JEAN,FOOD_LUCKY_SNOW_DELIGHT,31886,31886,270,440,10298,16783,10298,16783,0.322963055886596,0.5263438499655021
60,False,LIYUE_ZHONGLI,FOOD_TEA_BREAK_PANCAKE,49088,49088,90,90,3433,3433,3433,3433,0.06993562581486311,0.06993562581486311
60,False,LIYUE_ZHONGLI,FOOD_SWEET_MADAME,49088,49088,180,180,6866,6866,6866,6866,0.13987125162972622,0.13987125162972622
60,False,LIYUE_ZHONGLI,FOOD_HASH_BROWN,49088,49088,220,340,8391,12968,8391,12968,0.1709379074315515,0.2641786179921773
60,False,LIYUE_ZHONGLI,FOOD_PIZZA,49088,49088,130,260,4958,9917,4958,9917,0.1010022816166884,0.20202493481095177
60,False,LIYUE_ZHONGLI,FOOD_PANCAKE_TEA_BREAK,49088,49088,170,240,6484,9154,6484,9154,0.13208930899608864,0.18648142112125163
60,False,LIYUE_ZHONGLI,FOOD_VEGETARIAN_ABALONE,49088,49088,170,360,6484,13731,6484,13731,0.13208930899608864,0.27972213168187743
60,False,LIYUE_ZHONGLI,FOOD_PERCH_STEW,49088,49088,260,440,9917,16783,9917,16783,0.20202493481095177,0.341896186440678
60,False,LIYUE_ZHONGLI,FOOD_CRAB_HAM_BAKE,49088,49088,230,400,8773,15257,8773,15257,0.17871985006518906,0.3108091590612777
60,False,LIYUE_ZHONGLI,FOOD_FULLMOON_EGG,49088,49088,230,420,8773,16020,8773,16020,0.17871985006518906,0.32635267275097785
60,False,LIYUE_ZHONGLI,FOOD_FISH_NOODLES,49088,49088,170,360,6484,13731,6484,13731,0.13208930899608864,0.27972213168187743
60,False,LIYUE_ZHONGLI,FOOD_LUCKY_SNOW_DELIGHT,49088,49088,270,440,10298,16783,10298,16783,0.20978650586701433,0.341896186440678
60,True,PLAYER_CUSTOM,FOOD_TEA_BREAK_PANCAKE,19122,19122,90,90,2757,2757,2757,2757,0.1441794791339818,0.1441794791339818
60,True,PLAYER_CUSTOM,FOOD_SWEET_MADAME,19122,19122,180,180,5515,5515,5515,5515,0.28841125405292334,0.28841125405292334
60,True,PLAYER_CUSTOM,FOOD_HASH_BROWN,19122,19122,220,340,6741,10417,6741,10417,0.3525258864135551,0.5447651919255309
60,True,PLAYER_CUSTOM,FOOD_PIZZA,19122,19122,130,260,3983,7966,3983,7966,0.20829411149461352,0.41658822298922704
60,True,PLAYER_CUSTOM,FOOD_PANCAKE_TEA_BREAK,19122,19122,170,240,5209,7353,5209,7353,0.27240874385524527,0.3845309068089112
60,True,PLAYER_CUSTOM,FOOD_VEGETARIAN_ABALONE,19122,19122,170,360,5209,11030,5209,11030,0.27240874385524527,0.5768225081058467
60,True,PLAYER_CUSTOM,FOOD_PERCH_STEW,19122,19122,260,440,7966,13481,7966,13481,0.41658822298922704,0.7049994770421504
60,True,PLAYER_CUSTOM,FOOD_CRAB_HAM_BAKE,19122,19122,230,400,7047,12255,7047,12255,0.36852839661123316,0.6408848446815186
60,True,PLAYER_CUSTOM,FOOD_FULLMOON_EGG,19122,19122,230,420,7047,12868,7047,12868,0.36852839661123316,0.6729421608618346
60,True,PLAYER_CUSTOM,FOOD_FISH_NOODLES,19122,19122,170,360,5209,11030,5209,11030,0.27240874385524527,0.5768225081058467
60,True,PLAYER_CUSTOM,FOOD_LUCKY_SNOW_DELIGHT,19122,19122,270,440,8272,13481,8272,13481,0.43259073318690516,0.7049994770421504
60,True,MOND_AMBER,FOOD_TEA_BREAK_PANCAKE,20654,20654,90,90,2757,2757,2757,2757,0.13348503921758498,0.13348503921758498
60,True,MOND_AMBER,FOOD_SWEET_MADAME,20654,20654,180,180,5515,5515,5515,5515,0.2670184952067396,0.2670184952067396
60,True,MOND_AMBER,FOOD_HASH_BROWN,20654,20654,220,340,6741,10417,6741,10417,0.3263774571511572,0.5043575094412704
60,True,MOND_AMBER,FOOD_PIZZA,20654,20654,130,260,3983,7966,3983,7966,0.1928440011620025,0.385688002324005
60,True,MOND_AMBER,FOOD_PANCAKE_TEA_BREAK,20654,20654,170,240,5209,7353,5209,7353,0.25220296310642004,0.3560085213517963
60,True,MOND_AMBER,FOOD_VEGETARIAN_ABALONE,20654,20654,170,360,5209,11030,5209,11030,0.25220296310642004,0.5340369904134792
60,True,MOND_AMBER,FOOD_PERCH_STEW,20654,20654,260,440,7966,13481,7966,13481,0.385688002324005,0.6527064975307446
60,True,MOND_AMBER,FOOD_CRAB_HAM_BAKE,20654,20654,230,400,7047,12255,7047,12255,0.34119298925147673,0.5933475355863271
60,True,MOND_AMBER,FOOD_FULLMOON_EGG,20654,20654,230,420,7047,12868,7047,12868,0.34119298925147673,0.6230270165585359
60,True,MOND_AMBER,FOOD_FISH_NOODLES,20654,20654,170,360,5209,11030,5209,11030,0.25220296310642004,0.5340369904134792
60,True,MOND_AMBER,FOOD_LUCKY_SNOW_DELIGHT,20654,20654,270,440,8272,13481,8272,13481,0.40050353442432457,0.6527064975307446
60,True,MOND_JEAN,FOOD_TEA_BREAK_PANCAKE,32806,32806,90,90,3433,3433,3433,3433,0.10464549167835152,0.10464549167835152
60,True,MOND_JEAN,FOOD_SWEET_MADAME,32806,32806,180,180,6866,6866,6866,6866,0.20929098335670304,0.20929098335670304
60,True,MOND_JEAN,FOOD_HASH_BROWN,32806,32806,220,340,8391,12968,8391,12968,0.25577638236907885,0.39529354386392734
60,True,MOND_JEAN,FOOD_PIZZA,32806,32806,130,260,4958,9917,4958,9917,0.1511308906907273,0.3022922636103152
60,True,MOND_JEAN,FOOD_PANCAKE_TEA_BREAK,32806,32806,170,240,6484,9154,6484,9154,0.19764677193196367,0.279034322989697
60,True,MOND_JEAN,FOOD_VEGETARIAN_ABALONE,32806,32806,170,360,6484,13731,6484,13731,0.19764677193196367,0.4185514844845455
60,True,MOND_JEAN,FOOD_PERCH_STEW,32806,32806,260,440,9917,16783,9917,16783,0.3022922636103152,0.5115832469670182
60,True,MOND_JEAN,FOOD_CRAB_HAM_BAKE,32806,32806,230,400,8773,15257,8773,15257,0.2674205937938182,0.4650673657257819
60,True,MOND_JEAN,FOOD_FULLMOON_EGG,32806,32806,230,420,8773,16020,8773,16020,0.2674205937938182,0.48832530634640003
60,True,MOND_JEAN,FOOD_FISH_NOODLES,32806,32806,170,360,6484,13731,6484,13731,0.19764677193196367,0.4185514844845455
60,True,MOND_JEAN,FOOD_LUCKY_SNOW_DELIGHT,32806,32806,270,440,10298,16783,10298,16783,0.31390599280619397,0.5115832469670182
60,True,LIYUE_ZHONGLI,FOOD_TEA_BREAK_PANCAKE,50008,50008,90,90,3433,3433,3433,3433,0.06864901615741481,0.06864901615741481
60,True,LIYUE_ZHONGLI,FOOD_SWEET_MADAME,50008,50008,180,180,6866,6866,6866,6866,0.13729803231482962,0.13729803231482962
60,True,LIYUE_ZHONGLI,FOOD_HASH_BROWN,50008,50008,220,340,8391,12968,8391,12968,0.16779315309550472,0.25931850903855386
60,True,LIYUE_ZHONGLI,FOOD_PIZZA,50008,50008,130,260,4958,9917,4958,9917,0.0991441369380899,0.19830827067669174
60,True,LIYUE_ZHONGLI,FOOD_PANCAKE_TEA_BREAK,50008,50008,170,240,6484,9154,6484,9154,0.12965925451927693,0.18305071188609823
60,True,LIYUE_ZHONGLI,FOOD_VEGETARIAN_ABALONE,50008,50008,170,360,6484,13731,6484,13731,0.12965925451927693,0.27457606782914734
60,True,LIYUE_ZHONGLI,FOOD_PERCH_STEW,50008,50008,260,440,9917,16783,9917,16783,0.19830827067669174,0.33560630299152133
60,True,LIYUE_ZHONGLI,FOOD_CRAB_HAM_BAKE,50008,50008,230,400,8773,15257,8773,15257,0.17543193089105744,0.30509118541033436
60,True,LIYUE_ZHONGLI,FOOD_FULLMOON_EGG,50008,50008,230,420,8773,16020,8773,16020,0.17543193089105744,0.32034874420092785
60,True,LIYUE_ZHONGLI,FOOD_FISH_NOODLES,50008,50008,170,360,6484,13731,6484,13731,0.12965925451927693,0.27457606782914734
60,True,LIYUE_ZHONGLI,FOOD_LUCKY_SNOW_DELIGHT,50008,50008,270,440,10298,16783,10298,16783,0.20592705167173253,0.33560630299152133
