# chapter:scene | speaker | opening | character beat | closing
01:K_DEPART|진|진이 성문 앞에서 지도를 펼쳤다. 리월의 신이라면 돌아갈 길을 알까. 기대부터 하고 싶었지만, 우선 오늘 저녁까지 걸어갈 체력이 있는지가 문제였다.|길을 안다고 무리해도 되는 건 아니야. 위험하면 돌아와. 네가 떠난다고 몬드의 문까지 닫히는 건 아니니까.|나는 지도를 받아 들었다. “그 말, 돌아왔을 때도 해 줘. 빈손이면 좀 민망할 것 같거든.” 진이 웃으며 남쪽 길을 가리켰다.
01:K_WANGSHU|소|망서 객잔이 보이자 배부터 울었다. 그런데 승강기에서 짐이 쏟아졌다. 밥 생각을 접고 달려가자, 난간에 매달린 짐꾼이 손을 내밀었다.|네 주변에 낯선 기운이 있다. 내 눈을 피한다고 없어질 것은 아니야. 하지만 지금 떨어지는 저 사람과는 다른 문제다. 먼저 구해라.|짐꾼을 끌어올린 뒤에야 손이 떨렸다. 소는 더 캐묻지 않고 사라졌다. 나는 객잔 종업원에게 물었다. “밥 주문하면서 방금 일까지 물어봐도 될까요?”
01:K_GUILI_MORNING|짐꾼|아침 길에 어제의 짐꾼을 다시 만났다. 그는 내가 구한 짐보다 무거운 포대를 등에 얹고 있었다. 돕겠다고 손을 뻗자 먼저 내 신발부터 내려다봤다.|그 신발로 내 짐까지 들면 리월에는 발바닥만 도착하겠네. 옆에서 길이나 봐줘. 수레 오면 소리 지르고.|짐은 그가, 길은 내가 살폈다. 어제 소에게 들은 말은 아직 무서웠지만, 누군가와 같은 속도로 걷는 동안은 조금 덜했다.
01:K_HARBOR_GATE|각청|리월항 입구는 수레와 사람으로 막혀 있었다. 각청은 차단선 옆에서 직접 짐을 옮기고 있었다. 나는 줄을 세우는 사람이 가장 바빠 보이는 이상한 광경을 구경하다 그녀와 눈이 마주쳤다.|구경할 힘은 남았나 보네. 그 줄 좀 잡아줘. 이야기는 사람들이 그늘로 옮겨 간 다음에 듣겠어.|그늘막을 세우고 나니 각청이 빈 의자를 내줬다. 낯선 기운을 털어놓을지, 짐이 오간 흔적부터 보여 줄지 정해야 했다. 이번에는 아는 척부터 하지 않기로 했다.
01:K1_WITNESS|각청|나는 소에게 들은 경고부터 꺼냈다. 입으로 말하니 더 수상했다. 스스로도 의심스러운 사람을 각청은 비웃지 않고 끝까지 바라봤다.|네가 먼저 알리러 왔다는 건 적어 두겠어. 그렇다고 내 판단까지 대신 정하지는 마. 본 것과 짐작한 것을 나눠서 얘기해 줘.|조사는 별도 자리에서 이어졌다. 각청은 자리를 뜨기 전에 물을 놓아 주었다. 붙잡혔다고 하기에는 친절했고, 안심하기에는 모르는 것이 너무 많았다.
01:K2_TRANSFER|짐꾼|같은 포대를 두 번 검사하는 병사 옆에서 짐꾼이 한숨을 쉬었다. 내가 밧줄을 잡자 그는 허리를 펴며 웃었다. “도움은 받아도 허리는 빌려주지 마.”|사람이 기억을 못 하면 짐이라도 가만있어야지. 아까 저쪽에 놓은 포대가 왜 여기 있나, 그것부터 같이 보세.|각청이 포대를 봉하고 운송 기록을 따로 챙겼다. 짐꾼은 내 몫의 자리를 비워 줬다. 세상 비밀을 밝히러 왔는데 우선 짐을 제대로 세는 일이 내 일이 되었다.
01:성문 뒤에 남긴 이름||몬드의 다리를 건너며 가방을 고쳐 멨다. 구슬과 그 안의 유해는 여전히 내 몫이었다. 벤티가 알려 준 이름, 모락스. 사람을 만나러 가는 것처럼 신의 이름을 되뇌었다.||성문을 다시 돌아보지는 않았다. 대신 주머니가 제대로 잠겼는지 한 번 더 확인했다. 신에게 물을 질문보다 당장 잃어버리면 안 되는 물건이 먼저였다.
01:바람을 붙잡는 일부터|호두|남쪽 길에서 수레가 비탈로 미끄러졌다. 검은 모자의 소녀가 짐을 받쳤고, 나는 수레꾼의 옷자락을 바퀴에서 빼냈다. 첫 리월 사람과의 인사는 서로 욕먹을 틈도 없는 상태에서 시작됐다.|왕생당 당주, 호두! 인사는 이만큼 하고 반대쪽을 잡아 줘. 손님보다 수레가 먼저 넘어오면 나도 곤란하거든.|수레가 멎자 호두는 짐꾼의 무릎부터 확인했다. 장난스러운 말투와 손놀림은 달랐다. 나는 숨을 고르며 말했다. “다음 인사는 평평한 곳에서 하자.”
01:누구를 위한 천인가|호두|호두는 흙 묻은 가림천을 털어 접었다. 왕생당이 장례를 맡는 곳이라는 설명을 듣고 나는 가방 쪽으로 손을 옮겼다. 호두의 눈이 그 움직임을 놓치지 않았다.|살아 있는 사람도 얼굴을 가릴 일은 있지. 그래도 네가 데려온 분 이야기를 할 거라면, 농담은 잠깐 접을게.|구슬 안의 유해를 보여 줄지, 감싼 채 사정을 먼저 말할지 물었다. 호두는 손을 내밀지 않고 기다렸다. 그래서 오히려 말을 꺼낼 용기가 났다.
01:2AA1 · 보이는 것만, 허락한 만큼|호두|흔들리지 않는 판 위에 구슬을 놓았다. 호두는 장갑을 끼고 내 맞은편에 앉았다. 아까의 장난은 사라졌지만, 나를 이상한 물건 취급하는 눈빛도 없었다.|누군지 모른다고 함부로 이름을 붙일 수는 없어. 네가 여기까지 데려왔으니, 어디서 만났는지부터 들려줘.|호두는 확인한 것만 따로 적었다. 내가 다시 천을 덮자 끝이 풀리지 않게 끈을 고쳐 줬다. “들고 온 사람 손까지 다치면 일만 늘어나잖아.” 그제야 나도 조금 웃었다.
01:2AA1 · 옥형 앞의 두 증언|각청|차단선 앞에서 호두가 왕생당의 일을 설명하고, 나는 구슬을 발견한 일을 설명했다. 두 이야기를 한꺼번에 하다가 서로 말을 끊었다. 각청이 손가락 하나를 들어 우리를 멈췄다.|한 명씩. 당주가 먼저 말하고, 네가 빠진 부분을 덧붙여. 두 사람이 동시에 무죄를 주장하면 내가 적을 수가 없잖아.|호두가 입을 다물자 내가 괜히 미안해졌다. 각청은 구슬을 빼앗지 않았다. 대신 다시 만날 장소를 정했다. 리월에서 처음 생긴 약속치고는 제법 무거웠다.
01:2AA2 · 감싼 채로 남기는 이름|호두|나는 천을 풀지 않은 채 구슬을 발견한 경위를 말했다. 접수대 너머의 남자가 가방을 너무 오래 보고 있었다. 호두는 말없이 내 가방이 보이지 않는 쪽으로 자리를 바꿨다.|오늘 안 보여 준다고 내일도 못 보는 건 아니지. 서두르지 말자. 저쪽이 더 궁금해하는 얼굴이라서 말이야.|내용을 정리해 접수하자 호두가 표를 내 손에 쥐여 줬다. “이건 잃어버리지 마. 네 얘기 들어 줬다는 증거니까.” 나는 구슬보다 종이를 먼저 챙겨 넣었다.
01:2AA2 · 접수했다고 열리지는 않는 문|각청|각청은 접수 기록을 읽고도 내게 같은 질문을 했다. 짜증부터 내려다가, 그녀가 기록 끝의 엉뚱한 표현에 밑줄을 긋는 것을 보았다. 내가 한 말과 조금 달랐다.|불편하겠지만 네 입으로 한 번만 더 말해 줘. 담당자가 잘못 알아들었으면 지금 고쳐야 해. 나중에는 이 종이가 네 말보다 오래 남아.|틀린 문장을 고친 뒤 기다릴 자리를 정했다. 호두가 내 옆에 앉으며 물었다. “배는 고프지?” 수상한 구슬 이야기보다 그 질문에 더 빨리 고개가 끄덕여졌다.
01:ISK_L01_AB_S_01|다이루크|다이루크는 가방 끈이 풀리지 않는지 확인했다. 각청은 길을 보고 있었다. 앨리스가 맡긴 구슬은 내 품에, 리월로 가는 길은 그녀 손에 있었다.|급한 일이 생기면 연락해. 도움을 청하기 전에 네가 얼마나 버틸 수 있는지 시험할 필요는 없다.|나는 고개를 끄덕이고 각청을 따라 다리를 건넜다. “길은 부탁할게. 나는 짐 잃어버리지 않는 쪽을 맡고.” 각청이 가방을 흘끗 보더니 매듭 하나를 더 조였다.
01:ISK_L01_AB_S_02|각청|각청이 갑자기 멈췄다. 쉴 시간인 줄 알고 좋아한 나는 곧 비탈 아래의 약초꾼을 봤다. 그녀가 내게 짐을 던지고 무릎을 꿇자, 나는 밧줄부터 찾아 꺼냈다.|그 줄을 내 허리에 묶어. 사람 하나를 더 구하겠다고 둘 다 굴러떨어질 필요는 없으니까. 꽉 잡을 수 있지?|약초꾼을 끌어올린 뒤 각청이 내 손바닥을 확인했다. “다음엔 쉬려고 멈출게.” 나는 땅바닥에 앉아 대답했다. “그 약속은 꼭 지켜 줘.”
01:ISK_L01_AB_S_03|각청|숙영지의 아침은 생각보다 추웠다. 나는 따뜻한 물컵을 놓지 못한 채 각청이 연락 문서를 묶는 모습을 봤다. 그녀가 내 몫의 접견 확인서를 건넸다.|나를 찾을 때 보여 줘. 통행증은 아니야. 네가 이 종이 한 장으로 모든 문을 열려고 하면 나도 난처해져.|“만능 열쇠인 줄 알았는데.” 각청은 웃지 않으려다 실패했다. 종이를 젖지 않는 곳에 넣고, 우리는 짐 행렬을 따라 귀리 평원으로 나섰다.
01:ISK_L01_AB_S_04|각청|항구가 가까워질수록 길은 더 막혔다. 앞줄의 상인은 내가 각청과 함께 왔다는 이유만으로 차례를 양보하려 했다. 나는 괜찮다고 손사래를 쳤다.|그대로 기다려. 내가 데리고 왔다고 네가 해야 할 확인까지 없어지는 건 아니야. 대신 잘못 기다리는 일은 없게 할게.|접견 확인은 받았지만 도시 안으로 들어가는 일은 따로였다. 나는 종이를 접으며 말했다. “여기까지 왔는데 문턱이 마지막 오르막이네.” 각청이 빈 작업대를 가리켰다. 우선 앉을 곳은 있었다.
01:ISK_L01_AB_S_05|각청|이미 넘겼다는 상자와 받지 못했다는 기록이 같은 탁자에 놓였다. 병사는 그 사이 몇 분을 기억하지 못했다. 소리치는 상인에게서 눈을 돌리자 각청이 내 선택을 기다리고 있었다.|병사의 이야기를 들을까, 옮겨진 짐을 따라갈까? 어느 쪽을 고르든 나머지는 그대로 보존해 둘게. 양쪽을 쫓다가 둘 다 놓치지는 말자.|나는 한쪽을 택했다. 이상한 일을 겪은 사람이 나 하나는 아닐지도 몰랐다. 이번에는 내 기억을 증명하는 것보다, 저 사람이 잃어버린 시간을 찾고 싶었다.
01:ISK_L01_AB_S_AB1_01|각청|초소 뒤의 병사는 질문보다 시선을 더 무서워했다. 나는 맞은편 의자 대신 옆의 빈 상자에 앉았다. 기억이 안 나냐고 다그치기 전에 내가 누구인지부터 말했다.|떠오르는 부분만 말해도 돼. 그 앞뒤를 맞추는 건 우리가 할 일이야. 네가 억지로 채워 넣을 일이 아니고.|면담 중 가림틀이 넘어졌다. 모두 빠져나온 뒤 병사는 내 팔을 당긴 일을 기억하지 못했다. 내 팔에는 손자국이 남아 있었다. 각청은 그 자국을 보고 질문을 멈췄다.
01:ISK_L01_AB_S_AB1_02|교대 병사|기록을 읽던 병사는 한 문장 앞에서 펜을 멈췄다. 자기 이름으로 적혀 있지만 자기 말 같지 않다고 했다. 나는 그 문장을 지우지 않고 옆에 표시했다.|분명 내가 한 일인데 남이 얘기해 줘야 알겠어요. 내일 또 기억이 없으면, 오늘 말한 것도 없던 일이 되는 겁니까?|“그러면 내가 오늘 들었다고 말할게.” 거창한 약속은 못 했다. 병사는 그 말에 처음으로 내 얼굴을 똑바로 봤다.
01:ISK_L01_AB_S_AB1_03|각청|같은 자리에서 서로 다른 기억이 나왔다. 나는 어느 쪽이 맞는지 얼른 결정하고 싶었다. 각청은 내 손에서 기록지를 받아 두 장을 나란히 놓았다.|한 장이 틀렸다고 정하면 편하겠지. 하지만 그 편한 답 때문에 사람을 놓칠 수도 있어. 조금만 더 확인하자.|사람들의 말을 따로 남기고 초소 주변의 흔적을 살폈다. 누구 하나를 거짓말쟁이로 만들지 않아도, 같은 일이라고 보기 어려운 차이는 남았다.
01:ISK_L01_AB_S_AB1_04|각청|면담이 끝나자 다리가 뒤늦게 아팠다. 내가 의자에 주저앉는 모습을 본 각청이 아직 질문이 남았느냐고 물었다. 나는 물부터 남았으면 좋겠다고 했다.|그건 있어. 오늘은 여기까지 하자. 네가 쓰러지면 조사할 사람이 한 명 더 늘어나니까.|각청이 물을 내밀었다. 나는 컵을 받고 다음 만남을 정했다. 기다리는 동안 무엇을 할지는 내가 정할 수 있었다. 이번에는 억지로 도움이 되는 척하지 않아도 됐다.
01:ISK_L01_AB_S_AB2_01|운송인|상자는 접수대를 지났는데 받았다는 사람이 없었다. 운송인은 빈 수레를 발로 툭 건드렸다. 내가 바퀴에 묻은 진흙을 가리키자 그가 허리를 숙였다.|그 길은 내가 안 갔는데. 수레가 혼자 다녀온 건 아닐 테고, 누가 내 수레를 끌었는지부터 찾아봅시다.|우리는 상자 이름 대신 바퀴 자국을 따라갔다. 각청은 서로 다르게 적힌 인계 시각을 챙겼다. 종이 속 말다툼이 실제 길 위의 흔적으로 바뀌었다.
01:ISK_L01_AB_S_AB2_02|각청|창고와 접수대를 오가는 동안 각청의 질문은 점점 짧아졌다. 상인은 대금부터, 운송인은 자기 짐부터 걱정했다. 나는 둘 사이에서 빈 수레가 더 가벼워 보인다고 했다.|농담할 여유는 있네. 그럼 그 수레가 마지막으로 무거웠던 곳까지 안내해 줘. 거기부터는 내가 묻겠어.|마지막으로 짐을 본 사람과 보지 못한 사람을 나눠 확인했다. 누구의 체면을 먼저 세울지 싸우는 대신, 사라진 물건을 찾는 일에 다시 손이 움직였다.
01:ISK_L01_AB_S_AB2_03|운송인|표식은 같은데 포장 상태가 달랐다. 운송인은 내가 자루를 들기 전에 밑을 받쳐 줬다. 나는 모르는 척 들어 올렸다가 허리를 다칠 뻔했다고 털어놓았다.|그걸 이제 말하면 어떡해요. 짐은 둘이 들어도 물건값 안 줄어요. 반대쪽 잡아요.|우리는 남은 짐을 함께 펼쳤다. 각청은 달라진 포장과 기록을 한 묶음으로 남겼다. 없어지지 않은 것들 덕분에, 무엇이 없어졌는지가 드러났다.
01:ISK_L01_AB_S_AB2_04|각청|조사를 돕겠다고 한 뒤에야 기다릴 시간이 길다는 것을 실감했다. 나는 빈 상자 뚜껑을 의자처럼 놓다가 각청에게 들켰다.|그건 앉는 순간 부서져. 작업대 옆에 의자 가져다 놨어. 도와주러 온 사람한테 허리 치료비까지 물릴 생각은 없어.|의자에 앉아 구슬이 든 가방을 끌어안았다. 각청은 곧 소식을 가져오겠다고 했다. 나는 그동안 할 수 있는 일부터 적었다. 첫 줄은 식사였다.
01:ISK_L01_S_B_01|알베도|알베도는 구슬을 보기에 앞서 내 손가락이 잘 움직이는지 확인했다. 창밖에서는 사람들이 저녁거리를 사고 있었다. 이상한 물건을 가졌어도 저녁은 먹어야 한다는 사실이 새삼 다행이었다.|이것만 생각하느라 네 하루를 전부 쓰지는 마. 당장 모르는 것은 적어 둘 수 있어. 네가 다치는 건 기록만 해 두고 끝낼 수 없지만.|구슬을 감싸 가방에 넣었다. 나는 길드 안내판을 가리켰다. “그럼 우선 여행비부터 구해 볼게. 모르는 물건도 모라는 안 주더라고.”
01:ISK_L01_S_B_02|캐서린|길드에는 리월행 물자 행렬의 동행자를 구하는 공고가 붙어 있었다. 길도 모르고 여행비도 넉넉하지 않은 내게는 반가운 소식이었다.|별과 심연을 향해! 길 안내와 식사를 함께 구하는 셈이네. 대신 짐 옮기는 일은 거들어야 해. 할 수 있는 만큼부터 담당자와 정해 봐.|알베도에게 나중에 소식을 보내겠다고 했다. 구슬 이야기가 아니어도 좋다는 대답을 듣고, 나는 괜히 맛있는 것 하나는 찾아야겠다고 생각했다.
01:ISK_L01_S_B_03|북두|물자 행렬이 리월의 갈대밭에 닿았을 때, 앞쪽에서 시원한 웃음소리가 들렸다. 북두는 짐을 든 사람부터 쉬게 하고 나중에 온 내 이름을 물었다.|난 북두, 남십자 함대의 선장이야. 뱃멀미는 나중에 물어보고, 지금은 수레멀미부터 보자. 얼굴이 왜 그렇게 구겨졌어?|“도와주러 왔는데 짐보다 제가 더 흔들립니다.” 북두는 웃으며 가벼운 줄뭉치를 내줬다. 못 하는 걸 숨기는 것보다 자기 몫을 찾는 편이 빨랐다.
01:ISK_L01_S_B_04|북두|목책 앞에서 인계 말이 바뀌었다. 이미 맡긴 짐을 다시 내라는 요구에 선원들이 목소리를 높였다. 북두는 앞에 나서기 전에 사람들 사이의 수레부터 밀어냈다.|싸우더라도 다친 사람은 만들지 말자. 자네 상관을 불러. 우리 쪽 설명은 내가 할 테니까, 이 친구한테 같은 질문을 쏟아붓지는 말고.|그 틈에 나는 포장을 받치고 있던 판자를 고정했다. 큰 소리보다 먼저 할 일이 있었다. 북두는 돌아와 내 어깨를 두드리고 각청을 불렀다.
01:ISK_L01_S_B_05|각청|각청과 북두가 인계 기록을 맞추는 동안 나는 말없이 자루를 세었다. 숫자는 맞는데 마지막 자루를 내려놓은 사람이 달랐다. 잘못 센 줄 알고 다시 세어도 같았다.|숫자를 세 번 맞췄으면 이제 사람을 봐야지. 네가 직접 본 사람은 누구야? 다른 사람이 알려 준 이름 말고.|병사를 만나 기억을 확인할지, 물자를 따라 이동을 확인할지 길이 갈렸다. 북두는 어느 쪽이든 짐과 사람을 혼자 떠맡지 말라고 했다. 나는 그 말을 약속으로 받아 뒀다.
01:ISK_L01_S_B_06|북두|병사는 북두와 말을 나눴다는 사실부터 확신하지 못했다. 북두는 처음부터 다시 자기 이름을 댔다. 나도 따라서 인사하자 병사가 당황한 얼굴로 웃었다.|좋아, 그럼 지금 만난 것부터는 셋이 기억하는 거네. 아까 일이 안 떠오른다고 지금까지 혼자 있을 필요는 없지.|나는 구슬을 품고 리월에 온 사정을 말했다. 북두는 물건보다 내 얼굴을 봤다. “그것도 중요하겠지만, 여기까지 온 사람 이야기도 들을 만하네.”
01:ISK_L01_S_B_07|북두|포장 둘의 위치를 확인하다 보니 어느새 상인들 사이에 끼었다. 모두 내 대답부터 기다렸다. 나는 잠깐만 시간을 달라고 말하고 북두를 찾았다.|잘했어. 모르면 멈추는 것도 일이야. 빨리 대답하라는 사람한테 꼭 틀린 답까지 줘야 하는 건 아니잖아.|다시 살핀 포장에는 옮긴 흔적이 남아 있었다. 북두와 나는 그 짐을 따로 묶었다. 쓸모 있는 사람이 되려고 허둥대는 것보다, 함께 확인하는 쪽이 훨씬 든든했다.
