"condition","level","kind","support","seed","enhance","beforeFirstWin","afterFirstWin","beforeWins","afterWins","beforeKO","afterKO","beforeHealing","afterHealing","beforeDamage","afterDamage","beforeEndHp","afterEndHp","beforeActualInn","afterActualInn","beforeRecoveryFailure","afterRecoveryFailure"
"10|TALENT|FORSAKEN_RIFT|Barbara|717|NO_INTERMEDIATE_RECOVERY|3|MODERATE","10","TALENT","Barbara","717","3","true","true","3","3","7","7","7771","7163","15552","14944","0","0","","","{""code"":""ACTION_LOCK"",""message"":""전투에서 패배해 정신을 차리는 중입니다 · 60초 남음""}","{""code"":""ACTION_LOCK"",""message"":""전투에서 패배해 정신을 차리는 중입니다 · 60초 남음""}"
"10|TALENT|FORSAKEN_RIFT|Barbara|925|NO_INTERMEDIATE_RECOVERY|3|MODERATE","10","TALENT","Barbara","925","3","true","true","4","3","8","7","9092","5471","17047","13252","0","0","","","{""code"":""ACTION_LOCK"",""message"":""전투에서 패배해 정신을 차리는 중입니다 · 60초 남음""}","{""code"":""ACTION_LOCK"",""message"":""전투에서 패배해 정신을 차리는 중입니다 · 60초 남음""}"
"10|TALENT|FORSAKEN_RIFT|Jean|717|NO_INTERMEDIATE_RECOVERY|3|MODERATE","10","TALENT","Jean","717","3","true","true","8","8","0","3","17663","14806","18288","18989","0.8836604705576498","0.466398024177824","41","109","null","null"
"10|TALENT|FORSAKEN_RIFT|Jean|925|NO_INTERMEDIATE_RECOVERY|3|MODERATE","10","TALENT","Jean","925","3","true","true","8","8","1","0","16525","16513","18411","17749","0.7284544391004809","0.8199662030417263","68","51","null","null"
"10|TALENT|FORSAKEN_RIFT|Sucrose|717|NO_INTERMEDIATE_RECOVERY|3|MODERATE","10","TALENT","Sucrose","717","3","true","true","3","3","4","4","0","0","7166","7166","0","0","","","{""code"":""ACTION_LOCK"",""message"":""전투에서 패배해 정신을 차리는 중입니다 · 60초 남음""}","{""code"":""ACTION_LOCK"",""message"":""전투에서 패배해 정신을 차리는 중입니다 · 60초 남음""}"
"10|TALENT|FORSAKEN_RIFT|Sucrose|925|NO_INTERMEDIATE_RECOVERY|3|MODERATE","10","TALENT","Sucrose","925","3","true","true","3","2","4","4","0","0","7166","7166","0","0","","","{""code"":""ACTION_LOCK"",""message"":""전투에서 패배해 정신을 차리는 중입니다 · 60초 남음""}","{""code"":""ACTION_LOCK"",""message"":""전투에서 패배해 정신을 차리는 중입니다 · 60초 남음""}"
"10|ASCENSION|VALLEY_OF_REMEMBRANCE|Barbara|717|NO_INTERMEDIATE_RECOVERY|3|MODERATE","10","ASCENSION","Barbara","717","3","true","true","8","5","2","6","13565","7616","16478","15043","0.609450337512054","0","84","","null","{""code"":""ACTION_LOCK"",""message"":""전투에서 패배해 정신을 차리는 중입니다 · 60초 남음""}"
"10|ASCENSION|VALLEY_OF_REMEMBRANCE|Barbara|925|NO_INTERMEDIATE_RECOVERY|3|MODERATE","10","ASCENSION","Barbara","925","3","true","true","8","8","0","1","14920","13744","17089","16879","0.6888001102080177","0.5796941727510676","72","90","null","null"
"10|ASCENSION|VALLEY_OF_REMEMBRANCE|Jean|717|NO_INTERMEDIATE_RECOVERY|3|MODERATE","10","ASCENSION","Jean","717","3","true","true","8","8","0","0","11199","10871","10963","11087","0.9507344339009489","0.8975692187703107","30","38","null","null"
"10|ASCENSION|VALLEY_OF_REMEMBRANCE|Jean|925|NO_INTERMEDIATE_RECOVERY|3|MODERATE","10","ASCENSION","Jean","925","3","true","true","8","8","0","0","11138","11043","10722","10703","0.9955803977642013","0.9857012868841805","21","24","null","null"
"10|ASCENSION|VALLEY_OF_REMEMBRANCE|Sucrose|717|NO_INTERMEDIATE_RECOVERY|3|MODERATE","10","ASCENSION","Sucrose","717","3","true","true","5","5","7","7","0","0","7688","7688","0","0","","","{""code"":""ACTION_LOCK"",""message"":""전투에서 패배해 정신을 차리는 중입니다 · 60초 남음""}","{""code"":""ACTION_LOCK"",""message"":""전투에서 패배해 정신을 차리는 중입니다 · 60초 남음""}"
"10|ASCENSION|VALLEY_OF_REMEMBRANCE|Sucrose|925|NO_INTERMEDIATE_RECOVERY|3|MODERATE","10","ASCENSION","Sucrose","925","3","true","true","4","4","6","6","0","0","7514","7514","0","0","","","{""code"":""ACTION_LOCK"",""message"":""전투에서 패배해 정신을 차리는 중입니다 · 60초 남음""}","{""code"":""ACTION_LOCK"",""message"":""전투에서 패배해 정신을 차리는 중입니다 · 60초 남음""}"
"10|EXP|MIDSUMMER_COURTYARD|Barbara|717|NO_INTERMEDIATE_RECOVERY|3|MODERATE","10","EXP","Barbara","717","3","true","true","7","2","5","4","22474","5415","29817","12584","0","0","","","{""code"":""ACTION_LOCK"",""message"":""전투에서 패배해 정신을 차리는 중입니다 · 60초 남음""}","{""code"":""ACTION_LOCK"",""message"":""전투에서 패배해 정신을 차리는 중입니다 · 60초 남음""}"
"10|EXP|MIDSUMMER_COURTYARD|Barbara|925|NO_INTERMEDIATE_RECOVERY|3|MODERATE","10","EXP","Barbara","925","3","true","true","2","2","4","4","5540","3817","12799","11076","0","0","","","{""code"":""ACTION_LOCK"",""message"":""전투에서 패배해 정신을 차리는 중입니다 · 60초 남음""}","{""code"":""ACTION_LOCK"",""message"":""전투에서 패배해 정신을 차리는 중입니다 · 60초 남음""}"
"10|EXP|MIDSUMMER_COURTYARD|Jean|717|NO_INTERMEDIATE_RECOVERY|3|MODERATE","10","EXP","Jean","717","3","true","true","8","5","1","5","18959","8652","21333","16519","0.6563109320161186","0","78","","null","{""code"":""ACTION_LOCK"",""message"":""전투에서 패배해 정신을 차리는 중입니다 · 60초 남음""}"
"10|EXP|MIDSUMMER_COURTYARD|Jean|925|NO_INTERMEDIATE_RECOVERY|3|MODERATE","10","EXP","Jean","925","3","true","true","8","8","3","3","14847","14649","16924","16978","0.7159755621994021","0.7066164045235929","70","72","null","null"
"10|EXP|MIDSUMMER_COURTYARD|Sucrose|717|NO_INTERMEDIATE_RECOVERY|3|MODERATE","10","EXP","Sucrose","717","3","true","true","3","3","6","6","0","0","7514","7514","0","0","","","{""code"":""ACTION_LOCK"",""message"":""전투에서 패배해 정신을 차리는 중입니다 · 60초 남음""}","{""code"":""ACTION_LOCK"",""message"":""전투에서 패배해 정신을 차리는 중입니다 · 60초 남음""}"
"10|EXP|MIDSUMMER_COURTYARD|Sucrose|925|NO_INTERMEDIATE_RECOVERY|3|MODERATE","10","EXP","Sucrose","925","3","true","true","3","3","6","6","0","0","7514","7514","0","0","","","{""code"":""ACTION_LOCK"",""message"":""전투에서 패배해 정신을 차리는 중입니다 · 60초 남음""}","{""code"":""ACTION_LOCK"",""message"":""전투에서 패배해 정신을 차리는 중입니다 · 60초 남음""}"
"15|TALENT|FORSAKEN_RIFT|Barbara|717|NO_INTERMEDIATE_RECOVERY|3|MODERATE","15","TALENT","Barbara","717","3","true","true","4","2","5","5","32845","9986","43712","21264","0","0","","","{""code"":""ACTION_LOCK"",""message"":""전투에서 패배해 정신을 차리는 중입니다 · 60초 남음""}","{""code"":""ACTION_LOCK"",""message"":""전투에서 패배해 정신을 차리는 중입니다 · 60초 남음""}"
"15|TALENT|FORSAKEN_RIFT|Barbara|925|NO_INTERMEDIATE_RECOVERY|3|MODERATE","15","TALENT","Barbara","925","3","true","true","1","1","5","5","13808","5234","24949","16512","0","0","","","{""code"":""ACTION_LOCK"",""message"":""전투에서 패배해 정신을 차리는 중입니다 · 60초 남음""}","{""code"":""ACTION_LOCK"",""message"":""전투에서 패배해 정신을 차리는 중입니다 · 60초 남음""}"
"15|TALENT|FORSAKEN_RIFT|Jean|717|NO_INTERMEDIATE_RECOVERY|3|MODERATE","15","TALENT","Jean","717","3","true","true","8","6","0","5","33431","22546","35415","34347","0.7860908862666331","0","79","","null","{""code"":""ACTION_LOCK"",""message"":""전투에서 패배해 정신을 차리는 중입니다 · 60초 남음""}"
"15|TALENT|FORSAKEN_RIFT|Jean|925|NO_INTERMEDIATE_RECOVERY|3|MODERATE","15","TALENT","Jean","925","3","true","true","8","3","0","5","34351","11652","35699","23864","0.852791028537953","0","60","","null","{""code"":""ACTION_LOCK"",""message"":""전투에서 패배해 정신을 차리는 중입니다 · 60초 남음""}"
"15|TALENT|FORSAKEN_RIFT|Sucrose|717|NO_INTERMEDIATE_RECOVERY|3|MODERATE","15","TALENT","Sucrose","717","3","true","true","3","3","4","4","0","0","10865","10865","0","0","","","{""code"":""ACTION_LOCK"",""message"":""전투에서 패배해 정신을 차리는 중입니다 · 60초 남음""}","{""code"":""ACTION_LOCK"",""message"":""전투에서 패배해 정신을 차리는 중입니다 · 60초 남음""}"
"15|TALENT|FORSAKEN_RIFT|Sucrose|925|NO_INTERMEDIATE_RECOVERY|3|MODERATE","15","TALENT","Sucrose","925","3","true","true","2","2","5","5","0","0","11128","11128","0","0","","","{""code"":""ACTION_LOCK"",""message"":""전투에서 패배해 정신을 차리는 중입니다 · 60초 남음""}","{""code"":""ACTION_LOCK"",""message"":""전투에서 패배해 정신을 차리는 중입니다 · 60초 남음""}"
"15|ASCENSION|VALLEY_OF_REMEMBRANCE|Barbara|717|NO_INTERMEDIATE_RECOVERY|3|MODERATE","15","ASCENSION","Barbara","717","3","true","true","8","8","0","0","16413","13580","17069","16567","0.8658193372673627","0.6541988197911939","53","105","null","null"
"15|ASCENSION|VALLEY_OF_REMEMBRANCE|Barbara|925|NO_INTERMEDIATE_RECOVERY|3|MODERATE","15","ASCENSION","Barbara","925","3","true","true","8","8","0","1","15216","11931","15803","16192","0.8845211075805719","0.5748524738992283","49","123","null","null"
"15|ASCENSION|VALLEY_OF_REMEMBRANCE|Jean|717|NO_INTERMEDIATE_RECOVERY|3|MODERATE","15","ASCENSION","Jean","717","3","true","true","8","8","0","0","11316","11225","10867","10776","0.9687839986609759","0.9687839986609759","28","28","null","null"
"15|ASCENSION|VALLEY_OF_REMEMBRANCE|Jean|925|NO_INTERMEDIATE_RECOVERY|3|MODERATE","15","ASCENSION","Jean","925","3","true","true","8","8","0","0","9407","9476","8747","8924","0.9864423801154908","0.9864423801154908","24","24","null","null"
"15|ASCENSION|VALLEY_OF_REMEMBRANCE|Sucrose|717|NO_INTERMEDIATE_RECOVERY|3|MODERATE","15","ASCENSION","Sucrose","717","3","true","true","8","8","5","5","0","0","10597","10597","0.09728485964104924","0.09728485964104924","237","237","null","null"
"15|ASCENSION|VALLEY_OF_REMEMBRANCE|Sucrose|925|NO_INTERMEDIATE_RECOVERY|3|MODERATE","15","ASCENSION","Sucrose","925","3","true","true","8","8","5","5","0","0","10239","10239","0.13023469857340084","0.13023469857340084","229","229","null","null"
"15|EXP|MIDSUMMER_COURTYARD|Barbara|717|NO_INTERMEDIATE_RECOVERY|3|MODERATE","15","EXP","Barbara","717","3","true","true","4","2","7","6","16414","6768","32301","18035","0","0","","","{""code"":""ACTION_LOCK"",""message"":""전투에서 패배해 정신을 차리는 중입니다 · 60초 남음""}","{""code"":""ACTION_LOCK"",""message"":""전투에서 패배해 정신을 차리는 중입니다 · 60초 남음""}"
"15|EXP|MIDSUMMER_COURTYARD|Barbara|925|NO_INTERMEDIATE_RECOVERY|3|MODERATE","15","EXP","Barbara","925","3","true","true","1","1","5","5","3991","3494","15269","14772","0","0","","","{""code"":""ACTION_LOCK"",""message"":""전투에서 패배해 정신을 차리는 중입니다 · 60초 남음""}","{""code"":""ACTION_LOCK"",""message"":""전투에서 패배해 정신을 차리는 중입니다 · 60초 남음""}"
"15|EXP|MIDSUMMER_COURTYARD|Jean|717|NO_INTERMEDIATE_RECOVERY|3|MODERATE","15","EXP","Jean","717","3","true","true","8","2","3","5","29283","8200","42319","20412","1","0","0","","null","{""code"":""ACTION_LOCK"",""message"":""전투에서 패배해 정신을 차리는 중입니다 · 60초 남음""}"
"15|EXP|MIDSUMMER_COURTYARD|Jean|925|NO_INTERMEDIATE_RECOVERY|3|MODERATE","15","EXP","Jean","925","3","true","true","8","2","8","6","30785","4660","49948","16998","1","0","0","","null","{""code"":""ACTION_LOCK"",""message"":""전투에서 패배해 정신을 차리는 중입니다 · 60초 남음""}"
"15|EXP|MIDSUMMER_COURTYARD|Sucrose|717|NO_INTERMEDIATE_RECOVERY|3|MODERATE","15","EXP","Sucrose","717","3","true","true","1","1","4","4","0","0","10865","10865","0","0","","","{""code"":""ACTION_LOCK"",""message"":""전투에서 패배해 정신을 차리는 중입니다 · 60초 남음""}","{""code"":""ACTION_LOCK"",""message"":""전투에서 패배해 정신을 차리는 중입니다 · 60초 남음""}"
"15|EXP|MIDSUMMER_COURTYARD|Sucrose|925|NO_INTERMEDIATE_RECOVERY|3|MODERATE","15","EXP","Sucrose","925","3","true","true","2","2","5","5","0","0","11128","11128","0","0","","","{""code"":""ACTION_LOCK"",""message"":""전투에서 패배해 정신을 차리는 중입니다 · 60초 남음""}","{""code"":""ACTION_LOCK"",""message"":""전투에서 패배해 정신을 차리는 중입니다 · 60초 남음""}"
"20|TALENT|FORSAKEN_RIFT|Barbara|717|NO_INTERMEDIATE_RECOVERY|3|MODERATE","20","TALENT","Barbara","717","3","false","false","0","0","4","4","3490","2641","17391","16542","0","0","","","{""code"":""ACTION_LOCK"",""message"":""전투에서 패배해 정신을 차리는 중입니다 · 60초 남음""}","{""code"":""ACTION_LOCK"",""message"":""전투에서 패배해 정신을 차리는 중입니다 · 60초 남음""}"
"20|TALENT|FORSAKEN_RIFT|Barbara|925|NO_INTERMEDIATE_RECOVERY|3|MODERATE","20","TALENT","Barbara","925","3","false","false","0","0","4","4","5336","1682","19237","15583","0","0","","","{""code"":""ACTION_LOCK"",""message"":""전투에서 패배해 정신을 차리는 중입니다 · 60초 남음""}","{""code"":""ACTION_LOCK"",""message"":""전투에서 패배해 정신을 차리는 중입니다 · 60초 남음""}"
"20|TALENT|FORSAKEN_RIFT|Jean|717|NO_INTERMEDIATE_RECOVERY|3|MODERATE","20","TALENT","Jean","717","3","true","true","2","1","5","5","16175","3744","31446","19188","0","0","","","{""code"":""ACTION_LOCK"",""message"":""전투에서 패배해 정신을 차리는 중입니다 · 60초 남음""}","{""code"":""ACTION_LOCK"",""message"":""전투에서 패배해 정신을 차리는 중입니다 · 60초 남음""}"
"20|TALENT|FORSAKEN_RIFT|Jean|925|NO_INTERMEDIATE_RECOVERY|3|MODERATE","20","TALENT","Jean","925","3","true","true","2","1","5","4","16297","3608","31568","18548","0","0","","","{""code"":""ACTION_LOCK"",""message"":""전투에서 패배해 정신을 차리는 중입니다 · 60초 남음""}","{""code"":""ACTION_LOCK"",""message"":""전투에서 패배해 정신을 차리는 중입니다 · 60초 남음""}"
"20|TALENT|FORSAKEN_RIFT|Sucrose|717|NO_INTERMEDIATE_RECOVERY|3|MODERATE","20","TALENT","Sucrose","717","3","true","true","1","1","5","5","0","0","14038","14038","0","0","","","{""code"":""ACTION_LOCK"",""message"":""전투에서 패배해 정신을 차리는 중입니다 · 60초 남음""}","{""code"":""ACTION_LOCK"",""message"":""전투에서 패배해 정신을 차리는 중입니다 · 60초 남음""}"
"20|TALENT|FORSAKEN_RIFT|Sucrose|925|NO_INTERMEDIATE_RECOVERY|3|MODERATE","20","TALENT","Sucrose","925","3","true","true","1","1","5","5","0","0","14038","14038","0","0","","","{""code"":""ACTION_LOCK"",""message"":""전투에서 패배해 정신을 차리는 중입니다 · 60초 남음""}","{""code"":""ACTION_LOCK"",""message"":""전투에서 패배해 정신을 차리는 중입니다 · 60초 남음""}"
"20|ASCENSION|CECILIA_GARDEN|Barbara|717|NO_INTERMEDIATE_RECOVERY|3|MODERATE","20","ASCENSION","Barbara","717","3","true","true","8","4","0","4","25035","10814","26164","24715","0.8554060858931012","0","68","","null","{""code"":""ACTION_LOCK"",""message"":""전투에서 패배해 정신을 차리는 중입니다 · 60초 남음""}"
"20|ASCENSION|CECILIA_GARDEN|Barbara|925|NO_INTERMEDIATE_RECOVERY|3|MODERATE","20","ASCENSION","Barbara","925","3","true","true","8","4","0","6","26446","9955","28722","24202","0.7685058628875621","0","125","","null","{""code"":""ACTION_LOCK"",""message"":""전투에서 패배해 정신을 차리는 중입니다 · 60초 남음""}"
"20|ASCENSION|CECILIA_GARDEN|Jean|717|NO_INTERMEDIATE_RECOVERY|3|MODERATE","20","ASCENSION","Jean","717","3","true","true","8","8","0","1","21474","15153","21663","20146","0.9302587176602924","0.6342883610136968","76","313","null","null"
"20|ASCENSION|CECILIA_GARDEN|Jean|925|NO_INTERMEDIATE_RECOVERY|3|MODERATE","20","ASCENSION","Jean","925","3","true","true","8","8","0","2","21164","15672","22428","21086","0.8591279031297558","0.651227420101899","73","98","null","null"
"20|ASCENSION|CECILIA_GARDEN|Sucrose|717|NO_INTERMEDIATE_RECOVERY|3|MODERATE","20","ASCENSION","Sucrose","717","3","true","true","4","4","5","5","0","0","14038","14038","0","0","","","{""code"":""ACTION_LOCK"",""message"":""전투에서 패배해 정신을 차리는 중입니다 · 60초 남음""}","{""code"":""ACTION_LOCK"",""message"":""전투에서 패배해 정신을 차리는 중입니다 · 60초 남음""}"
"20|ASCENSION|CECILIA_GARDEN|Sucrose|925|NO_INTERMEDIATE_RECOVERY|3|MODERATE","20","ASCENSION","Sucrose","925","3","true","true","3","3","6","6","0","0","14369","14369","0","0","","","{""code"":""ACTION_LOCK"",""message"":""전투에서 패배해 정신을 차리는 중입니다 · 60초 남음""}","{""code"":""ACTION_LOCK"",""message"":""전투에서 패배해 정신을 차리는 중입니다 · 60초 남음""}"
"20|EXP|PEAK_OF_VINDAGNYR|Barbara|717|NO_INTERMEDIATE_RECOVERY|3|MODERATE","20","EXP","Barbara","717","3","true","true","1","1","5","5","17271","5974","31411","20206","0","0","","","{""code"":""ACTION_LOCK"",""message"":""전투에서 패배해 정신을 차리는 중입니다 · 60초 남음""}","{""code"":""ACTION_LOCK"",""message"":""전투에서 패배해 정신을 차리는 중입니다 · 60초 남음""}"
"20|EXP|PEAK_OF_VINDAGNYR|Barbara|925|NO_INTERMEDIATE_RECOVERY|3|MODERATE","20","EXP","Barbara","925","3","true","true","1","1","5","5","8816","5525","23048","19757","0","0","","","{""code"":""ACTION_LOCK"",""message"":""전투에서 패배해 정신을 차리는 중입니다 · 60초 남음""}","{""code"":""ACTION_LOCK"",""message"":""전투에서 패배해 정신을 차리는 중입니다 · 60초 남음""}"
"20|EXP|PEAK_OF_VINDAGNYR|Jean|717|NO_INTERMEDIATE_RECOVERY|3|MODERATE","20","EXP","Jean","717","3","true","true","3","2","7","6","28807","9093","44740","24695","0","0","","","{""code"":""ACTION_LOCK"",""message"":""전투에서 패배해 정신을 차리는 중입니다 · 60초 남음""}","{""code"":""ACTION_LOCK"",""message"":""전투에서 패배해 정신을 차리는 중입니다 · 60초 남음""}"
"20|EXP|PEAK_OF_VINDAGNYR|Jean|925|NO_INTERMEDIATE_RECOVERY|3|MODERATE","20","EXP","Jean","925","3","true","true","7","2","11","6","81959","10173","99043","25948","0","0","","","{""code"":""ACTION_LOCK"",""message"":""전투에서 패배해 정신을 차리는 중입니다 · 60초 남음""}","{""code"":""ACTION_LOCK"",""message"":""전투에서 패배해 정신을 차리는 중입니다 · 60초 남음""}"
"20|EXP|PEAK_OF_VINDAGNYR|Sucrose|717|NO_INTERMEDIATE_RECOVERY|3|MODERATE","20","EXP","Sucrose","717","3","true","true","1","1","5","5","0","0","14038","14038","0","0","","","{""code"":""ACTION_LOCK"",""message"":""전투에서 패배해 정신을 차리는 중입니다 · 60초 남음""}","{""code"":""ACTION_LOCK"",""message"":""전투에서 패배해 정신을 차리는 중입니다 · 60초 남음""}"
"20|EXP|PEAK_OF_VINDAGNYR|Sucrose|925|NO_INTERMEDIATE_RECOVERY|3|MODERATE","20","EXP","Sucrose","925","3","true","true","1","1","5","5","0","0","14038","14038","0","0","","","{""code"":""ACTION_LOCK"",""message"":""전투에서 패배해 정신을 차리는 중입니다 · 60초 남음""}","{""code"":""ACTION_LOCK"",""message"":""전투에서 패배해 정신을 차리는 중입니다 · 60초 남음""}"
"25|TALENT|FORSAKEN_RIFT|Barbara|717|NO_INTERMEDIATE_RECOVERY|3|MODERATE","25","TALENT","Barbara","717","3","true","true","2","1","6","4","13636","6524","34000","25964","0","0","","","{""code"":""ACTION_LOCK"",""message"":""전투에서 패배해 정신을 차리는 중입니다 · 60초 남음""}","{""code"":""ACTION_LOCK"",""message"":""전투에서 패배해 정신을 차리는 중입니다 · 60초 남음""}"
"25|TALENT|FORSAKEN_RIFT|Barbara|925|NO_INTERMEDIATE_RECOVERY|3|MODERATE","25","TALENT","Barbara","925","3","true","true","1","2","5","5","8794","4918","28696","24820","0","0","","","{""code"":""ACTION_LOCK"",""message"":""전투에서 패배해 정신을 차리는 중입니다 · 60초 남음""}","{""code"":""ACTION_LOCK"",""message"":""전투에서 패배해 정신을 차리는 중입니다 · 60초 남음""}"
"25|TALENT|FORSAKEN_RIFT|Jean|717|NO_INTERMEDIATE_RECOVERY|3|MODERATE","25","TALENT","Jean","717","3","true","true","8","2","1","6","62694","7602","70204","29777","0.604783175134934","0","199","","null","{""code"":""ACTION_LOCK"",""message"":""전투에서 패배해 정신을 차리는 중입니다 · 60초 남음""}"
"25|TALENT|FORSAKEN_RIFT|Jean|925|NO_INTERMEDIATE_RECOVERY|3|MODERATE","25","TALENT","Jean","925","3","true","true","8","2","6","5","64284","8583","79181","30537","0.3479899497487437","0","310","","null","{""code"":""ACTION_LOCK"",""message"":""전투에서 패배해 정신을 차리는 중입니다 · 60초 남음""}"
"25|TALENT|FORSAKEN_RIFT|Sucrose|717|NO_INTERMEDIATE_RECOVERY|3|MODERATE","25","TALENT","Sucrose","717","3","true","true","1","1","4","5","0","0","19161","19623","0","0","","","{""code"":""ACTION_LOCK"",""message"":""전투에서 패배해 정신을 차리는 중입니다 · 60초 남음""}","{""code"":""ACTION_LOCK"",""message"":""전투에서 패배해 정신을 차리는 중입니다 · 60초 남음""}"
"25|TALENT|FORSAKEN_RIFT|Sucrose|925|NO_INTERMEDIATE_RECOVERY|3|MODERATE","25","TALENT","Sucrose","925","3","true","true","1","1","4","4","0","0","19161","19161","0","0","","","{""code"":""ACTION_LOCK"",""message"":""전투에서 패배해 정신을 차리는 중입니다 · 60초 남음""}","{""code"":""ACTION_LOCK"",""message"":""전투에서 패배해 정신을 차리는 중입니다 · 60초 남음""}"
"25|ASCENSION|CECILIA_GARDEN|Barbara|717|NO_INTERMEDIATE_RECOVERY|3|MODERATE","25","ASCENSION","Barbara","717","3","true","true","8","3","0","5","40989","9756","44925","29601","0.7355452674897119","0","130","","null","{""code"":""ACTION_LOCK"",""message"":""전투에서 패배해 정신을 차리는 중입니다 · 60초 남음""}"
"25|ASCENSION|CECILIA_GARDEN|Barbara|925|NO_INTERMEDIATE_RECOVERY|3|MODERATE","25","ASCENSION","Barbara","925","3","true","true","8","3","0","4","40457","10737","44480","29936","0.7434670781893004","0","125","","null","{""code"":""ACTION_LOCK"",""message"":""전투에서 패배해 정신을 차리는 중입니다 · 60초 남음""}"
"25|ASCENSION|CECILIA_GARDEN|Jean|717|NO_INTERMEDIATE_RECOVERY|3|MODERATE","25","ASCENSION","Jean","717","3","true","true","8","7","0","7","32524","23864","32954","46260","0.9014982319002419","0","64","","null","{""code"":""ACTION_LOCK"",""message"":""전투에서 패배해 정신을 차리는 중입니다 · 60초 남음""}"
"25|ASCENSION|CECILIA_GARDEN|Jean|925|NO_INTERMEDIATE_RECOVERY|3|MODERATE","25","ASCENSION","Jean","925","3","true","true","8","6","0","7","35552","16789","36156","39185","0.8836311185557417","0","73","","null","{""code"":""ACTION_LOCK"",""message"":""전투에서 패배해 정신을 차리는 중입니다 · 60초 남음""}"
"25|ASCENSION|CECILIA_GARDEN|Sucrose|717|NO_INTERMEDIATE_RECOVERY|3|MODERATE","25","ASCENSION","Sucrose","717","3","true","true","5","5","6","6","0","0","20085","20085","0","0","","","{""code"":""ACTION_LOCK"",""message"":""전투에서 패배해 정신을 차리는 중입니다 · 60초 남음""}","{""code"":""ACTION_LOCK"",""message"":""전투에서 패배해 정신을 차리는 중입니다 · 60초 남음""}"
"25|ASCENSION|CECILIA_GARDEN|Sucrose|925|NO_INTERMEDIATE_RECOVERY|3|MODERATE","25","ASCENSION","Sucrose","925","3","true","true","4","4","6","6","0","0","20085","20085","0","0","","","{""code"":""ACTION_LOCK"",""message"":""전투에서 패배해 정신을 차리는 중입니다 · 60초 남음""}","{""code"":""ACTION_LOCK"",""message"":""전투에서 패배해 정신을 차리는 중입니다 · 60초 남음""}"
"25|EXP|PEAK_OF_VINDAGNYR|Barbara|717|NO_INTERMEDIATE_RECOVERY|3|MODERATE","25","EXP","Barbara","717","3","true","true","6","2","10","6","51090","8751","72338","28874","0","0","","","{""code"":""ACTION_LOCK"",""message"":""전투에서 패배해 정신을 차리는 중입니다 · 60초 남음""}","{""code"":""ACTION_LOCK"",""message"":""전투에서 패배해 정신을 차리는 중입니다 · 60초 남음""}"
"25|EXP|PEAK_OF_VINDAGNYR|Barbara|925|NO_INTERMEDIATE_RECOVERY|3|MODERATE","25","EXP","Barbara","925","3","true","true","2","1","6","5","22331","6577","42454","26238","0","0","","","{""code"":""ACTION_LOCK"",""message"":""전투에서 패배해 정신을 차리는 중입니다 · 60초 남음""}","{""code"":""ACTION_LOCK"",""message"":""전투에서 패배해 정신을 차리는 중입니다 · 60초 남음""}"
"25|EXP|PEAK_OF_VINDAGNYR|Jean|717|NO_INTERMEDIATE_RECOVERY|3|MODERATE","25","EXP","Jean","717","3","true","true","8","3","1","6","58066","11603","61742","33778","0.7857807556300018","0","115","","null","{""code"":""ACTION_LOCK"",""message"":""전투에서 패배해 정신을 차리는 중입니다 · 60초 남음""}"
"25|EXP|PEAK_OF_VINDAGNYR|Jean|925|NO_INTERMEDIATE_RECOVERY|3|MODERATE","25","EXP","Jean","925","3","true","true","8","4","0","6","56383","17276","58123","39692","0.8405453191885353","0","92","","null","{""code"":""ACTION_LOCK"",""message"":""전투에서 패배해 정신을 차리는 중입니다 · 60초 남음""}"
"25|EXP|PEAK_OF_VINDAGNYR|Sucrose|717|NO_INTERMEDIATE_RECOVERY|3|MODERATE","25","EXP","Sucrose","717","3","true","true","2","2","5","5","0","0","19623","19623","0","0","","","{""code"":""ACTION_LOCK"",""message"":""전투에서 패배해 정신을 차리는 중입니다 · 60초 남음""}","{""code"":""ACTION_LOCK"",""message"":""전투에서 패배해 정신을 차리는 중입니다 · 60초 남음""}"
"25|EXP|PEAK_OF_VINDAGNYR|Sucrose|925|NO_INTERMEDIATE_RECOVERY|3|MODERATE","25","EXP","Sucrose","925","3","true","true","2","2","5","5","0","0","19623","19623","0","0","","","{""code"":""ACTION_LOCK"",""message"":""전투에서 패배해 정신을 차리는 중입니다 · 60초 남음""}","{""code"":""ACTION_LOCK"",""message"":""전투에서 패배해 정신을 차리는 중입니다 · 60초 남음""}"
"30|TALENT|TAISHAN_MANSION|Barbara|717|NO_INTERMEDIATE_RECOVERY|6|MODERATE","30","TALENT","Barbara","717","6","true","true","8","8","0","0","16557","14973","15063","14577","0.9764202861739056","0.9365845398357463","30","52","null","null"
"30|TALENT|TAISHAN_MANSION|Barbara|925|NO_INTERMEDIATE_RECOVERY|6|MODERATE","30","TALENT","Barbara","925","6","true","true","8","8","0","0","15400","14601","13999","14080","0.9972906612479892","0.9818812970959275","95","120","null","null"
"30|TALENT|TAISHAN_MANSION|Jean|717|NO_INTERMEDIATE_RECOVERY|6|MODERATE","30","TALENT","Jean","717","6","true","true","8","8","0","0","13006","13204","10662","10860","1","1","0","0","null","null"
"30|TALENT|TAISHAN_MANSION|Jean|925|NO_INTERMEDIATE_RECOVERY|6|MODERATE","30","TALENT","Jean","925","6","true","true","8","8","0","0","15074","14245","13234","13231","0.9807110872976387","0.9603122966818478","37","50","null","null"
"30|TALENT|TAISHAN_MANSION|Sucrose|717|NO_INTERMEDIATE_RECOVERY|6|MODERATE","30","TALENT","Sucrose","717","6","true","true","8","8","0","0","0","0","10949","10949","0.529702332374039","0.529702332374039","419","419","null","null"
"30|TALENT|TAISHAN_MANSION|Sucrose|925|NO_INTERMEDIATE_RECOVERY|6|MODERATE","30","TALENT","Sucrose","925","6","true","true","8","8","0","0","0","0","12059","12059","0.48202396804260983","0.48202396804260983","358","358","null","null"
"30|ASCENSION|LIANSHAN_FORMULA|Barbara|717|NO_INTERMEDIATE_RECOVERY|6|MODERATE","30","ASCENSION","Barbara","717","6","true","true","8","8","0","0","16533","15458","15068","15317","1","0.9439505545677758","0","56","null","null"
"30|ASCENSION|LIANSHAN_FORMULA|Barbara|925|NO_INTERMEDIATE_RECOVERY|6|MODERATE","30","ASCENSION","Barbara","925","6","true","true","8","8","0","0","16884","15717","15042","15149","0.978748624163915","0.9248158496316993","37","69","null","null"
"30|ASCENSION|LIANSHAN_FORMULA|Jean|717|NO_INTERMEDIATE_RECOVERY|6|MODERATE","30","ASCENSION","Jean","717","6","true","true","8","8","0","0","16191","16424","14310","14629","0.9822802250373148","0.9822802250373148","35","35","null","null"
"30|ASCENSION|LIANSHAN_FORMULA|Jean|925|NO_INTERMEDIATE_RECOVERY|6|MODERATE","30","ASCENSION","Jean","925","6","true","true","8","8","0","0","14904","14407","13312","13312","0.9824333116460637","0.9634123005090129","35","48","null","null"
"30|ASCENSION|LIANSHAN_FORMULA|Sucrose|717|NO_INTERMEDIATE_RECOVERY|6|MODERATE","30","ASCENSION","Sucrose","717","6","true","true","8","8","1","1","0","0","11825","11825","0.49207508268545164","0.49207508268545164","306","306","null","null"
"30|ASCENSION|LIANSHAN_FORMULA|Sucrose|925|NO_INTERMEDIATE_RECOVERY|6|MODERATE","30","ASCENSION","Sucrose","925","6","true","true","8","8","1","1","0","0","12519","12519","0.4863622696619561","0.4863622696619561","312","312","null","null"
"30|EXP|RIDGE_WATCH|Barbara|717|NO_INTERMEDIATE_RECOVERY|6|MODERATE","30","EXP","Barbara","717","6","true","true","8","8","0","0","25387","18986","24369","24989","0.9810769621539243","0.696257725848785","29","171","null","null"
"30|EXP|RIDGE_WATCH|Barbara|925|NO_INTERMEDIATE_RECOVERY|6|MODERATE","30","EXP","Barbara","925","6","true","true","8","8","0","0","24110","18773","23498","23672","0.9514859029718059","0.7181864363728727","45","158","null","null"
"30|EXP|RIDGE_WATCH|Jean|717|NO_INTERMEDIATE_RECOVERY|6|MODERATE","30","EXP","Jean","717","6","true","true","8","8","0","0","22872","21319","21504","20956","0.9738604615561254","0.9578246392896781","34","46","null","null"
"30|EXP|RIDGE_WATCH|Jean|925|NO_INTERMEDIATE_RECOVERY|6|MODERATE","30","EXP","Jean","925","6","true","true","8","8","0","0","20998","19770","19958","20160","0.9837345478204295","0.9351295495426537","30","54","null","null"
"30|EXP|RIDGE_WATCH|Sucrose|717|NO_INTERMEDIATE_RECOVERY|6|MODERATE","30","EXP","Sucrose","717","6","true","true","6","6","5","5","0","0","23842","23842","0","0","","","{""code"":""ACTION_LOCK"",""message"":""전투에서 패배해 정신을 차리는 중입니다 · 60초 남음""}","{""code"":""ACTION_LOCK"",""message"":""전투에서 패배해 정신을 차리는 중입니다 · 60초 남음""}"
"30|EXP|RIDGE_WATCH|Sucrose|925|NO_INTERMEDIATE_RECOVERY|6|MODERATE","30","EXP","Sucrose","925","6","true","true","8","8","3","3","0","0","18380","18380","0.2828057214037198","0.2828057214037198","366","366","null","null"
"40|TALENT|TAISHAN_MANSION|Barbara|717|NO_INTERMEDIATE_RECOVERY|6|MODERATE","40","TALENT","Barbara","717","6","true","true","8","8","0","0","31569","26849","30347","30473","0.9465837147477184","0.8165648039027599","47","144","null","null"
"40|TALENT|TAISHAN_MANSION|Barbara|925|NO_INTERMEDIATE_RECOVERY|6|MODERATE","40","TALENT","Barbara","925","6","true","true","8","8","0","1","34386","24362","31875","32669","0.969495984871324","0.6967138981006934","71","217","null","null"
"40|TALENT|TAISHAN_MANSION|Jean|717|NO_INTERMEDIATE_RECOVERY|6|MODERATE","40","TALENT","Jean","717","6","true","true","8","8","0","0","25891","22520","22267","21887","1","0.9379674439067311","0","78","null","null"
"40|TALENT|TAISHAN_MANSION|Jean|925|NO_INTERMEDIATE_RECOVERY|6|MODERATE","40","TALENT","Jean","925","6","true","true","8","8","0","0","23627","21991","20003","20003","1","0.9600136872464193","0","59","null","null"
"40|TALENT|TAISHAN_MANSION|Sucrose|717|NO_INTERMEDIATE_RECOVERY|6|MODERATE","40","TALENT","Sucrose","717","6","true","true","8","8","2","3","0","0","26324","24938","0.31582607728044065","0.3784460455670849","569","505","null","null"
"40|TALENT|TAISHAN_MANSION|Sucrose|925|NO_INTERMEDIATE_RECOVERY|6|MODERATE","40","TALENT","Sucrose","925","6","true","true","8","8","3","3","0","0","24848","24848","0.3568865273875428","0.3568865273875428","551","551","null","null"
"40|ASCENSION|LIANSHAN_FORMULA|Barbara|717|NO_INTERMEDIATE_RECOVERY|6|MODERATE","40","ASCENSION","Barbara","717","6","true","true","8","8","0","0","16551","16413","13365","13249","1","0.999397045523063","0","25","null","null"
"40|ASCENSION|LIANSHAN_FORMULA|Barbara|925|NO_INTERMEDIATE_RECOVERY|6|MODERATE","40","ASCENSION","Barbara","925","6","true","true","8","8","0","0","18269","17121","16337","16623","0.9908734617809083","0.9515717926932881","0","45","null","null"
"40|ASCENSION|LIANSHAN_FORMULA|Jean|717|NO_INTERMEDIATE_RECOVERY|6|MODERATE","40","ASCENSION","Jean","717","6","true","true","8","8","0","0","15696","15098","12072","12072","1","0.9968959280441902","0","27","null","null"
"40|ASCENSION|LIANSHAN_FORMULA|Jean|925|NO_INTERMEDIATE_RECOVERY|6|MODERATE","40","ASCENSION","Jean","925","6","true","true","8","8","0","0","15366","14797","11742","11742","1","0.9860927799775138","0","37","null","null"
"40|ASCENSION|LIANSHAN_FORMULA|Sucrose|717|NO_INTERMEDIATE_RECOVERY|6|MODERATE","40","ASCENSION","Sucrose","717","6","true","true","8","8","0","0","0","0","14478","14478","0.5972403816730186","0.5972403816730186","328","328","null","null"
"40|ASCENSION|LIANSHAN_FORMULA|Sucrose|925|NO_INTERMEDIATE_RECOVERY|6|MODERATE","40","ASCENSION","Sucrose","925","6","true","true","8","8","0","0","0","0","14013","14013","0.6101760925807439","0.6101760925807439","318","318","null","null"
"40|EXP|ZHOU_FORMULA|Barbara|717|NO_INTERMEDIATE_RECOVERY|6|MODERATE","40","EXP","Barbara","717","6","true","true","8","2","4","5","149801","17131","162007","54030","0.6982212842930359","0","275","","null","{""code"":""ACTION_LOCK"",""message"":""전투에서 패배해 정신을 차리는 중입니다 · 60초 남음""}"
"40|EXP|ZHOU_FORMULA|Barbara|925|NO_INTERMEDIATE_RECOVERY|6|MODERATE","40","EXP","Barbara","925","6","true","true","6","2","5","5","115427","18190","150514","55089","0","0","","","{""code"":""ACTION_LOCK"",""message"":""전투에서 패배해 정신을 차리는 중입니다 · 60초 남음""}","{""code"":""ACTION_LOCK"",""message"":""전투에서 패배해 정신을 차리는 중입니다 · 60초 남음""}"
"40|EXP|ZHOU_FORMULA|Jean|717|NO_INTERMEDIATE_RECOVERY|6|MODERATE","40","EXP","Jean","717","6","true","true","8","4","0","6","103054","20748","106987","62939","0.83426211076893","0","177","","null","{""code"":""ACTION_LOCK"",""message"":""전투에서 패배해 정신을 차리는 중입니다 · 60초 남음""}"
"40|EXP|ZHOU_FORMULA|Jean|925|NO_INTERMEDIATE_RECOVERY|6|MODERATE","40","EXP","Jean","925","6","true","true","8","4","0","7","107519","27248","112621","70757","0.7977953756660312","0","211","","null","{""code"":""ACTION_LOCK"",""message"":""전투에서 패배해 정신을 차리는 중입니다 · 60초 남음""}"
"40|EXP|ZHOU_FORMULA|Sucrose|717|NO_INTERMEDIATE_RECOVERY|6|MODERATE","40","EXP","Sucrose","717","6","true","true","3","3","6","6","0","0","37677","37677","0","0","","","{""code"":""ACTION_LOCK"",""message"":""전투에서 패배해 정신을 차리는 중입니다 · 60초 남음""}","{""code"":""ACTION_LOCK"",""message"":""전투에서 패배해 정신을 차리는 중입니다 · 60초 남음""}"
"40|EXP|ZHOU_FORMULA|Sucrose|925|NO_INTERMEDIATE_RECOVERY|6|MODERATE","40","EXP","Sucrose","925","6","true","true","3","3","6","6","0","0","37677","37677","0","0","","","{""code"":""ACTION_LOCK"",""message"":""전투에서 패배해 정신을 차리는 중입니다 · 60초 남음""}","{""code"":""ACTION_LOCK"",""message"":""전투에서 패배해 정신을 차리는 중입니다 · 60초 남음""}"
"50|TALENT|TAISHAN_MANSION|Barbara|717|NO_INTERMEDIATE_RECOVERY|6|MODERATE","50","TALENT","Barbara","717","6","true","true","8","8","0","0","51869","42170","50110","51127","0.9705511781409256","0.7761438215769976","61","246","null","null"
"50|TALENT|TAISHAN_MANSION|Barbara|925|NO_INTERMEDIATE_RECOVERY|6|MODERATE","50","TALENT","Barbara","925","6","true","true","8","8","0","0","53354","38637","51998","52258","0.9482106925926622","0.6709103559809693","92","363","null","null"
"50|TALENT|TAISHAN_MANSION|Jean|717|NO_INTERMEDIATE_RECOVERY|6|MODERATE","50","TALENT","Jean","717","6","true","true","8","8","0","0","34891","30546","29611","28393","1","0.9762224766455938","0","62","null","null"
"50|TALENT|TAISHAN_MANSION|Jean|925|NO_INTERMEDIATE_RECOVERY|6|MODERATE","50","TALENT","Jean","925","6","true","true","8","8","0","0","32773","28867","27493","27392","1","0.9515489405478952","0","75","null","null"
"50|TALENT|TAISHAN_MANSION|Sucrose|717|NO_INTERMEDIATE_RECOVERY|6|MODERATE","50","TALENT","Sucrose","717","6","true","true","8","8","5","5","0","0","42267","42267","0.28926266753217","0.28926266753217","685","685","null","null"
"50|TALENT|TAISHAN_MANSION|Sucrose|925|NO_INTERMEDIATE_RECOVERY|6|MODERATE","50","TALENT","Sucrose","925","6","true","true","8","8","5","5","0","0","36870","36870","0.39230211157356143","0.39230211157356143","588","588","null","null"
"50|ASCENSION|LIANSHAN_FORMULA|Barbara|717|NO_INTERMEDIATE_RECOVERY|6|MODERATE","50","ASCENSION","Barbara","717","6","true","true","8","8","0","0","41701","33627","38441","38947","0.9732215055381086","0.8273689753088741","50","190","null","null"
"50|ASCENSION|LIANSHAN_FORMULA|Barbara|925|NO_INTERMEDIATE_RECOVERY|6|MODERATE","50","ASCENSION","Barbara","925","6","true","true","8","8","0","0","43579","38148","39739","39960","0.9929104688117043","0.9076104330819715","32","113","null","null"
"50|ASCENSION|LIANSHAN_FORMULA|Jean|717|NO_INTERMEDIATE_RECOVERY|6|MODERATE","50","ASCENSION","Jean","717","6","true","true","8","8","0","0","22705","20801","17425","17461","1","0.9832246503061377","0","43","null","null"
"50|ASCENSION|LIANSHAN_FORMULA|Jean|925|NO_INTERMEDIATE_RECOVERY|6|MODERATE","50","ASCENSION","Jean","925","6","true","true","8","8","0","0","24418","23144","19138","19211","1","1","0","0","null","null"
"50|ASCENSION|LIANSHAN_FORMULA|Sucrose|717|NO_INTERMEDIATE_RECOVERY|6|MODERATE","50","ASCENSION","Sucrose","717","6","true","true","8","8","2","2","0","0","31927","31927","0.43856199167589444","0.43856199167589444","547","547","null","null"
"50|ASCENSION|LIANSHAN_FORMULA|Sucrose|925|NO_INTERMEDIATE_RECOVERY|6|MODERATE","50","ASCENSION","Sucrose","925","6","true","true","8","8","4","4","0","0","32012","32012","0.4609950742678224","0.4609950742678224","525","525","null","null"
"50|EXP|DOMAIN_OF_GUYUN|Barbara|717|NO_INTERMEDIATE_RECOVERY|6|MODERATE","50","EXP","Barbara","717","6","true","true","8","3","0","4","98063","24106","99979","76220","0.8781428061003818","0","140","","null","{""code"":""ACTION_LOCK"",""message"":""전투에서 패배해 정신을 차리는 중입니다 · 60초 남음""}"
"50|EXP|DOMAIN_OF_GUYUN|Barbara|925|NO_INTERMEDIATE_RECOVERY|6|MODERATE","50","EXP","Barbara","925","6","true","true","8","4","0","5","95745","30720","95707","83837","0.9255317148391222","0","96","","null","{""code"":""ACTION_LOCK"",""message"":""전투에서 패배해 정신을 차리는 중입니다 · 60초 남음""}"
"50|EXP|DOMAIN_OF_GUYUN|Jean|717|NO_INTERMEDIATE_RECOVERY|6|MODERATE","50","EXP","Jean","717","6","true","true","8","6","0","6","83710","42334","79146","103724","0.9881195347370866","0","37","","null","{""code"":""ACTION_LOCK"",""message"":""전투에서 패배해 정신을 차리는 중입니다 · 60초 남음""}"
"50|EXP|DOMAIN_OF_GUYUN|Jean|925|NO_INTERMEDIATE_RECOVERY|6|MODERATE","50","EXP","Jean","925","6","true","true","8","5","0","6","89328","37930","84048","100057","1","0","0","","null","{""code"":""ACTION_LOCK"",""message"":""전투에서 패배해 정신을 차리는 중입니다 · 60초 남음""}"
"50|EXP|DOMAIN_OF_GUYUN|Sucrose|717|NO_INTERMEDIATE_RECOVERY|6|MODERATE","50","EXP","Sucrose","717","6","true","true","4","4","5","5","0","0","53638","53638","0","0","","","{""code"":""ACTION_LOCK"",""message"":""전투에서 패배해 정신을 차리는 중입니다 · 60초 남음""}","{""code"":""ACTION_LOCK"",""message"":""전투에서 패배해 정신을 차리는 중입니다 · 60초 남음""}"
"50|EXP|DOMAIN_OF_GUYUN|Sucrose|925|NO_INTERMEDIATE_RECOVERY|6|MODERATE","50","EXP","Sucrose","925","6","true","true","4","4","6","6","0","0","54898","54898","0","0","","","{""code"":""ACTION_LOCK"",""message"":""전투에서 패배해 정신을 차리는 중입니다 · 60초 남음""}","{""code"":""ACTION_LOCK"",""message"":""전투에서 패배해 정신을 차리는 중입니다 · 60초 남음""}"
"60|TALENT|TAISHAN_MANSION|Barbara|717|NO_INTERMEDIATE_RECOVERY|6|MODERATE","60","TALENT","Barbara","717","6","true","true","8","8","0","0","47075","43684","45547","45547","0.9485249514094358","0.9102962476942694","28","48","null","null"
"60|TALENT|TAISHAN_MANSION|Barbara|925|NO_INTERMEDIATE_RECOVERY|6|MODERATE","60","TALENT","Barbara","925","6","true","true","8","8","0","0","50028","47127","48823","48210","0.9381754707404335","0.9098505762779009","29","40","null","null"
"60|TALENT|TAISHAN_MANSION|Jean|717|NO_INTERMEDIATE_RECOVERY|6|MODERATE","60","TALENT","Jean","717","6","true","true","8","8","0","0","35165","31382","27149","27203","1","0.9787794983266795","0","53","null","null"
"60|TALENT|TAISHAN_MANSION|Jean|925|NO_INTERMEDIATE_RECOVERY|6|MODERATE","60","TALENT","Jean","925","6","true","true","8","8","0","0","35498","30508","27482","27666","1","0.9636173853156711","0","42","null","null"
"60|TALENT|TAISHAN_MANSION|Sucrose|717|NO_INTERMEDIATE_RECOVERY|6|MODERATE","60","TALENT","Sucrose","717","6","true","true","8","8","1","1","0","0","41581","41581","0.5013576025744167","0.5013576025744167","583","583","null","null"
"60|TALENT|TAISHAN_MANSION|Sucrose|925|NO_INTERMEDIATE_RECOVERY|6|MODERATE","60","TALENT","Sucrose","925","6","true","true","8","8","2","2","0","0","45575","45575","0.4751986122284795","0.4751986122284795","612","612","null","null"
"60|ASCENSION|LIANSHAN_FORMULA|Barbara|717|NO_INTERMEDIATE_RECOVERY|6|MODERATE","60","ASCENSION","Barbara","717","6","true","true","8","8","0","0","45332","44257","46824","45995","0.9359842529432884","0.9214008938187851","98","113","null","null"
"60|ASCENSION|LIANSHAN_FORMULA|Barbara|925|NO_INTERMEDIATE_RECOVERY|6|MODERATE","60","ASCENSION","Barbara","925","6","true","true","8","8","0","0","48160","46478","45111","45126","0.9468289240749224","0.9258204686977729","85","110","null","null"
"60|ASCENSION|LIANSHAN_FORMULA|Jean|717|NO_INTERMEDIATE_RECOVERY|6|MODERATE","60","ASCENSION","Jean","717","6","true","true","8","8","0","0","33690","28282","25674","25310","1","0.9628318393612327","0","26","null","null"
"60|ASCENSION|LIANSHAN_FORMULA|Jean|925|NO_INTERMEDIATE_RECOVERY|6|MODERATE","60","ASCENSION","Jean","925","6","true","true","8","8","0","0","39899","32799","31883","31883","1","0.9336482691086744","0","112","null","null"
"60|ASCENSION|LIANSHAN_FORMULA|Sucrose|717|NO_INTERMEDIATE_RECOVERY|6|MODERATE","60","ASCENSION","Sucrose","717","6","true","true","8","8","0","0","0","0","42648","42648","0.46389782783588096","0.46389782783588096","636","636","null","null"
"60|ASCENSION|LIANSHAN_FORMULA|Sucrose|925|NO_INTERMEDIATE_RECOVERY|6|MODERATE","60","ASCENSION","Sucrose","925","6","true","true","8","8","0","0","0","0","40742","40742","0.48785699919549474","0.48785699919549474","597","597","null","null"
"60|EXP|LOST_VALLEY|Barbara|717|NO_INTERMEDIATE_RECOVERY|6|MODERATE","60","EXP","Barbara","717","6","true","true","8","3","0","4","235182","42944","260482","123721","0.6495784691186848","0","445","","null","{""code"":""ACTION_LOCK"",""message"":""전투에서 패배해 정신을 차리는 중입니다 · 60초 남음""}"
"60|EXP|LOST_VALLEY|Barbara|925|NO_INTERMEDIATE_RECOVERY|6|MODERATE","60","EXP","Barbara","925","6","true","true","8","3","0","5","229526","38431","248031","121121","0.7500402342250888","0","55","","null","{""code"":""ACTION_LOCK"",""message"":""전투에서 패배해 정신을 차리는 중입니다 · 60초 남음""}"
"60|EXP|LOST_VALLEY|Jean|717|NO_INTERMEDIATE_RECOVERY|6|MODERATE","60","EXP","Jean","717","6","true","true","8","4","0","6","156106","36184","159108","131937","0.9353484918593765","0","112","","null","{""code"":""ACTION_LOCK"",""message"":""전투에서 패배해 정신을 차리는 중입니다 · 60초 남음""}"
"60|EXP|LOST_VALLEY|Jean|925|NO_INTERMEDIATE_RECOVERY|6|MODERATE","60","EXP","Jean","925","6","true","true","8","7","0","6","154913","61717","152497","158472","0.9796296097020306","0","0","","null","{""code"":""ACTION_LOCK"",""message"":""전투에서 패배해 정신을 차리는 중입니다 · 60초 남음""}"
"60|EXP|LOST_VALLEY|Sucrose|717|NO_INTERMEDIATE_RECOVERY|6|MODERATE","60","EXP","Sucrose","717","6","true","true","5","5","6","6","0","0","83378","83378","0","0","","","{""code"":""ACTION_LOCK"",""message"":""전투에서 패배해 정신을 차리는 중입니다 · 60초 남음""}","{""code"":""ACTION_LOCK"",""message"":""전투에서 패배해 정신을 차리는 중입니다 · 60초 남음""}"
"60|EXP|LOST_VALLEY|Sucrose|925|NO_INTERMEDIATE_RECOVERY|6|MODERATE","60","EXP","Sucrose","925","6","true","true","5","5","6","6","0","0","83378","83378","0","0","","","{""code"":""ACTION_LOCK"",""message"":""전투에서 패배해 정신을 차리는 중입니다 · 60초 남음""}","{""code"":""ACTION_LOCK"",""message"":""전투에서 패배해 정신을 차리는 중입니다 · 60초 남음""}"
