level,kind,support,seed,policy,wins,losses,ko,minimumSurvivors,minimumHpRatioBeforeReward,afterMainHpRatio,mainRounds,mainActions,mainSeconds,recoverySeconds,effectiveHealing,hpDamage,intermediateInnCount,lodgingMora,finalRecoveryFailed,endAllFull
10,ASCENSION,Barbara,717,NO_INTERMEDIATE_RECOVERY,8,0,2,3,0.0,0.609450337512054,26,19,417.40999999999997,22,13565,16478,0,84,False,True
10,ASCENSION,Barbara,717,REST_BELOW_HALF,8,0,0,4,0.23658395845354876,0.929466868714699,24,22,422.82,170.49,9768,17694,4,290,False,True
10,ASCENSION,Barbara,925,NO_INTERMEDIATE_RECOVERY,8,0,0,4,0.09667194928684628,0.6888001102080177,24,21,419.82,22,14920,17089,0,72,False,True
10,ASCENSION,Barbara,925,REST_BELOW_HALF,8,0,0,4,0.09667194928684628,0.8313817330210773,24,21,418.71,68.49000000000001,13770,17463,1,128,False,True
10,ASCENSION,Jean,717,NO_INTERMEDIATE_RECOVERY,8,0,0,4,0.7703404500865552,0.9507344339009489,18,16,309.36,22,11199,10963,0,30,False,True
10,ASCENSION,Jean,717,REST_BELOW_HALF,8,0,0,4,0.7703404500865552,0.9507344339009489,18,16,309.36,22,11199,10963,0,30,False,True
10,ASCENSION,Jean,925,NO_INTERMEDIATE_RECOVERY,8,0,0,4,0.5770340450086555,0.9955803977642013,16,16,301.59000000000003,22,11138,10722,0,21,False,True
10,ASCENSION,Jean,925,REST_BELOW_HALF,8,0,0,4,0.5770340450086555,0.9955803977642013,16,16,301.59000000000003,22,11138,10722,0,21,False,True
10,ASCENSION,Sucrose,717,NO_INTERMEDIATE_RECOVERY,5,1,7,0,0.0,0,12,9,294.51,0,0,7688,0,0,True,False
10,ASCENSION,Sucrose,717,REST_BELOW_HALF,8,0,0,4,0.14628937533368927,0.7947250907061122,16,16,330.45,135.38,0,8704,3,280,False,True
10,ASCENSION,Sucrose,925,NO_INTERMEDIATE_RECOVERY,4,1,6,0,0.0,0,10,7,265.83000000000004,0,0,7514,0,0,True,False
10,ASCENSION,Sucrose,925,REST_BELOW_HALF,8,0,0,4,0.1809930592632141,0.60466089868825,16,16,332.67,158,0,12327,4,381,False,True
10,EXP,Barbara,717,NO_INTERMEDIATE_RECOVERY,7,1,5,0,0.0,0,35,27,677.77,0,22474,29817,0,0,True,False
10,EXP,Barbara,717,REST_BELOW_HALF,8,0,0,4,0.2527409117137911,0.7350874776139964,33,32,670.3799999999999,143.15,18227,27949,3,305,False,True
10,EXP,Barbara,925,NO_INTERMEDIATE_RECOVERY,2,1,4,0,0.0,0,16,10,297.9,0,5540,12799,0,0,True,False
10,EXP,Barbara,925,REST_BELOW_HALF,8,0,1,3,0.0,0.8592092574734812,32,31,651.8399999999999,204.49,16664,27818,5,381,False,True
10,EXP,Jean,717,NO_INTERMEDIATE_RECOVERY,8,0,1,3,0.0,0.6563109320161186,28,21,440.7800000000001,22,18959,21333,0,78,False,True
10,EXP,Jean,717,REST_BELOW_HALF,8,0,0,4,0.172533179457588,0.8619524242818146,24,17,417.81,105.82,16422,19687,2,144,False,True
10,EXP,Jean,925,NO_INTERMEDIATE_RECOVERY,8,0,3,3,0.0,0.7159755621994021,24,13,411.75,22,14847,16924,0,70,False,True
10,EXP,Jean,925,REST_BELOW_HALF,8,0,0,4,0.24581650317368725,0.9321461068503835,24,17,421.14,90,15849,19304,2,145,False,True
10,EXP,Sucrose,717,NO_INTERMEDIATE_RECOVERY,3,1,6,0,0.0,0,12,6,287.75,0,0,7514,0,0,True,False
10,EXP,Sucrose,717,REST_BELOW_HALF,8,0,3,3,0.0,0.5944739045492604,24,17,537.69,205.6,0,17846,5,518,False,True
10,EXP,Sucrose,925,NO_INTERMEDIATE_RECOVERY,3,1,6,0,0.0,0,11,6,292.19000000000005,0,0,7514,0,0,True,False
10,EXP,Sucrose,925,REST_BELOW_HALF,8,0,3,3,0.0,0.7245325146525258,24,14,525.62,228.07999999999998,0,17727,5,515,False,True
10,TALENT,Barbara,717,NO_INTERMEDIATE_RECOVERY,3,1,7,0,0.0,0,21,5,354.81,0,7771,15552,0,0,True,False
10,TALENT,Barbara,717,REST_BELOW_HALF,8,0,1,3,0.0,0.6634522661523626,31,29,587.01,258.76,13783,26192,5,407,False,True
10,TALENT,Barbara,925,NO_INTERMEDIATE_RECOVERY,4,1,8,0,0.0,0,24,7,373.5,0,9092,17047,0,0,True,False
10,TALENT,Barbara,925,REST_BELOW_HALF,8,0,3,3,0.0,0.8338614134178262,32,27,610.98,289.38,14567,28939,6,467,False,True
10,TALENT,Jean,717,NO_INTERMEDIATE_RECOVERY,8,0,0,4,0.44777841892671666,0.8836604705576498,24,21,454.23,26,17663,18288,0,41,False,True
10,TALENT,Jean,717,REST_BELOW_HALF,8,0,0,4,0.44777841892671666,0.9535941765241128,24,20,441.23999999999995,68,15186,16449,1,81,False,True
10,TALENT,Jean,925,NO_INTERMEDIATE_RECOVERY,8,0,1,3,0.0,0.7284544391004809,24,19,442.81,26,16525,18411,0,68,False,True
10,TALENT,Jean,925,REST_BELOW_HALF,8,0,0,4,0.3929601846508944,0.8787209151176394,24,21,446.46000000000004,68,16152,17873,1,89,False,True
10,TALENT,Sucrose,717,NO_INTERMEDIATE_RECOVERY,3,1,4,0,0.0,0,11,9,274.42,0,0,7166,0,0,True,False
10,TALENT,Sucrose,717,REST_BELOW_HALF,8,0,1,3,0.0,0.7823053307284399,16,16,439.23,216.76,0,13626,4,406,False,True
10,TALENT,Sucrose,925,NO_INTERMEDIATE_RECOVERY,3,1,4,0,0.0,0,10,9,292.18,0,0,7166,0,0,True,False
10,TALENT,Sucrose,925,REST_BELOW_HALF,8,0,1,3,0.0,0.6169411108010048,22,17,507.85,247.38,0,16648,5,498,False,True
30,ASCENSION,Barbara,717,NO_INTERMEDIATE_RECOVERY,8,0,0,4,0.8819875776397516,1,16,16,256.08000000000004,0,16533,15068,0,0,False,True
30,ASCENSION,Barbara,717,REST_BELOW_HALF,8,0,0,4,0.8819875776397516,1,16,16,256.08000000000004,0,16533,15068,0,0,False,True
30,ASCENSION,Barbara,925,NO_INTERMEDIATE_RECOVERY,8,0,0,4,0.8887105403959337,0.978748624163915,16,16,261.63,26,16884,15042,0,37,False,True
30,ASCENSION,Barbara,925,REST_BELOW_HALF,8,0,0,4,0.8887105403959337,0.978748624163915,16,16,261.63,26,16884,15042,0,37,False,True
30,ASCENSION,Jean,717,NO_INTERMEDIATE_RECOVERY,8,0,0,4,0.9097744360902256,0.9822802250373148,16,9,199.35999999999999,26,16191,14310,0,35,False,True
30,ASCENSION,Jean,717,REST_BELOW_HALF,8,0,0,4,0.9097744360902256,0.9822802250373148,16,9,199.35999999999999,26,16191,14310,0,35,False,True
30,ASCENSION,Jean,925,NO_INTERMEDIATE_RECOVERY,8,0,0,4,0.9058515854854527,0.9824333116460637,15,12,201.57,26,14904,13312,0,35,False,True
30,ASCENSION,Jean,925,REST_BELOW_HALF,8,0,0,4,0.9058515854854527,0.9824333116460637,15,12,201.57,26,14904,13312,0,35,False,True
30,ASCENSION,Sucrose,717,NO_INTERMEDIATE_RECOVERY,8,0,1,3,0.0,0.49207508268545164,13,8,238.67000000000002,26,0,11825,0,306,False,True
30,ASCENSION,Sucrose,717,REST_BELOW_HALF,8,0,0,4,0.34929715593331156,0.6867402602980972,12,8,236.45000000000002,261.65000000000003,0,11631,2,618,False,True
30,ASCENSION,Sucrose,925,NO_INTERMEDIATE_RECOVERY,8,0,1,3,0.0,0.4863622696619561,10,8,230.9,26,0,12519,0,312,False,True
30,ASCENSION,Sucrose,925,REST_BELOW_HALF,8,0,0,4,0.44069912609238454,0.7651733172973669,10,8,232.01000000000002,101.58,0,11767,1,407,False,True
30,EXP,Barbara,717,NO_INTERMEDIATE_RECOVERY,8,0,0,4,0.8270019618334226,0.9810769621539243,16,16,307.14000000000004,26,25387,24369,0,29,False,True
30,EXP,Barbara,717,REST_BELOW_HALF,8,0,0,4,0.8270019618334226,0.9810769621539243,16,16,307.14000000000004,26,25387,24369,0,29,False,True
30,EXP,Barbara,925,NO_INTERMEDIATE_RECOVERY,8,0,0,4,0.6750490458355627,0.9514859029718059,16,16,308.25000000000006,26,24110,23498,0,45,False,True
30,EXP,Barbara,925,REST_BELOW_HALF,8,0,0,4,0.6750490458355627,0.9514859029718059,16,16,308.25000000000006,26,24110,23498,0,45,False,True
30,EXP,Jean,717,NO_INTERMEDIATE_RECOVERY,8,0,0,4,0.8883622098725074,0.9738604615561254,16,14,242.57,26,22872,21504,0,34,False,True
30,EXP,Jean,717,REST_BELOW_HALF,8,0,0,4,0.8883622098725074,0.9738604615561254,16,14,242.57,26,22872,21504,0,34,False,True
30,EXP,Jean,925,NO_INTERMEDIATE_RECOVERY,8,0,0,4,0.907972177635099,0.9837345478204295,16,13,247.60000000000002,26,20998,19958,0,30,False,True
30,EXP,Jean,925,REST_BELOW_HALF,8,0,0,4,0.907972177635099,0.9837345478204295,16,13,247.60000000000002,26,20998,19958,0,30,False,True
30,EXP,Sucrose,717,NO_INTERMEDIATE_RECOVERY,6,1,5,0,0.0,0,17,10,352.51,0,0,23842,0,0,True,False
30,EXP,Sucrose,717,REST_BELOW_HALF,8,0,0,4,0.3071265119320039,0.6868261672608565,16,12,323.53999999999996,122.49000000000001,0,20754,2,494,False,True
30,EXP,Sucrose,925,NO_INTERMEDIATE_RECOVERY,8,0,3,3,0.0,0.2828057214037198,16,11,337.18999999999994,26,0,18380,0,366,False,True
30,EXP,Sucrose,925,REST_BELOW_HALF,8,0,0,4,0.10968432316746923,0.5774666036682273,16,12,338.95,122.62,0,23147,2,546,False,True
30,TALENT,Barbara,717,NO_INTERMEDIATE_RECOVERY,8,0,0,4,0.8349133703824779,0.9764202861739056,16,16,254.97000000000003,72,16557,15063,0,30,False,True
30,TALENT,Barbara,717,REST_BELOW_HALF,8,0,0,4,0.8349133703824779,0.9764202861739056,16,16,254.97000000000003,72,16557,15063,0,30,False,True
30,TALENT,Barbara,925,NO_INTERMEDIATE_RECOVERY,8,0,0,4,0.8829682902909447,0.9972906612479892,16,16,258.30000000000007,115.28,15400,13999,0,95,False,True
30,TALENT,Barbara,925,REST_BELOW_HALF,8,0,0,4,0.8829682902909447,0.9972906612479892,16,16,258.30000000000007,115.28,15400,13999,0,95,False,True
30,TALENT,Jean,717,NO_INTERMEDIATE_RECOVERY,8,0,0,4,0.9060103442125914,1,16,12,210.45,0,13006,10662,0,0,False,True
30,TALENT,Jean,717,REST_BELOW_HALF,8,0,0,4,0.9060103442125914,1,16,12,210.45,0,13006,10662,0,0,False,True
30,TALENT,Jean,925,NO_INTERMEDIATE_RECOVERY,8,0,0,4,0.9076154806491885,0.9807110872976387,16,9,203.8,30,15074,13234,0,37,False,True
30,TALENT,Jean,925,REST_BELOW_HALF,8,0,0,4,0.9076154806491885,0.9807110872976387,16,9,203.8,30,15074,13234,0,37,False,True
30,TALENT,Sucrose,717,NO_INTERMEDIATE_RECOVERY,8,0,0,4,0.23542001070090957,0.529702332374039,11,8,232.01000000000002,93.87,0,10949,0,419,False,True
30,TALENT,Sucrose,717,REST_BELOW_HALF,8,0,0,4,0.44569288389513106,0.8201537734633392,10,8,229.79000000000002,202.51999999999998,0,11014,1,451,False,True
30,TALENT,Sucrose,925,NO_INTERMEDIATE_RECOVERY,8,0,0,4,0.3288746210094525,0.48202396804260983,13,9,245,61.36,0,12059,0,358,False,True
30,TALENT,Sucrose,925,REST_BELOW_HALF,8,0,0,4,0.36580581889506375,0.9262488724711138,12,9,240.56,395.79,0,12145,2,822,False,True
50,ASCENSION,Barbara,717,NO_INTERMEDIATE_RECOVERY,8,0,0,4,0.801190948789202,0.9732215055381086,24,24,347.79,26,41701,38441,0,50,False,True
50,ASCENSION,Barbara,717,REST_BELOW_HALF,8,0,0,4,0.801190948789202,0.9732215055381086,24,24,347.79,26,41701,38441,0,50,False,True
50,ASCENSION,Barbara,925,NO_INTERMEDIATE_RECOVERY,8,0,0,4,0.7865819769749901,0.9929104688117043,24,22,342.90000000000003,26,43579,39739,0,32,False,True
50,ASCENSION,Barbara,925,REST_BELOW_HALF,8,0,0,4,0.7865819769749901,0.9929104688117043,24,22,342.90000000000003,26,43579,39739,0,32,False,True
50,ASCENSION,Jean,717,NO_INTERMEDIATE_RECOVERY,8,0,0,4,1.0,1,24,16,294.93,0,22705,17425,0,0,False,True
50,ASCENSION,Jean,717,REST_BELOW_HALF,8,0,0,4,1.0,1,24,16,294.93,0,22705,17425,0,0,False,True
50,ASCENSION,Jean,925,NO_INTERMEDIATE_RECOVERY,8,0,0,4,1.0,1,24,16,298.26,0,24418,19138,0,0,False,True
50,ASCENSION,Jean,925,REST_BELOW_HALF,8,0,0,4,1.0,1,24,16,298.26,0,24418,19138,0,0,False,True
50,ASCENSION,Sucrose,717,NO_INTERMEDIATE_RECOVERY,8,0,2,3,0.0,0.43856199167589444,24,14,352.46,52.46,0,31927,0,547,False,True
50,ASCENSION,Sucrose,717,REST_BELOW_HALF,8,0,0,4,0.3771337832473204,0.9186108671579671,24,16,357.09000000000003,137.57,0,33588,2,681,False,True
50,ASCENSION,Sucrose,925,NO_INTERMEDIATE_RECOVERY,8,0,4,2,0.0,0.4609950742678224,24,14,349.13,26,0,32012,0,525,False,True
50,ASCENSION,Sucrose,925,REST_BELOW_HALF,8,0,0,4,0.3306510076845005,0.7310512047042651,24,16,358.19999999999993,227.4,0,36828,2,912,False,True
50,EXP,Barbara,717,NO_INTERMEDIATE_RECOVERY,8,0,0,4,0.4990575612585182,0.8781428061003818,33,32,584.9100000000001,22,98063,99979,0,140,False,True
50,EXP,Barbara,717,REST_BELOW_HALF,8,0,0,4,0.4990575612585182,0.8934313707053801,33,32,581.58,56,87303,98748,1,341,False,True
50,EXP,Barbara,925,NO_INTERMEDIATE_RECOVERY,8,0,0,4,0.6193272437291576,0.9255317148391222,32,31,569.7,22,95745,95707,0,96,False,True
50,EXP,Barbara,925,REST_BELOW_HALF,8,0,0,4,0.6193272437291576,0.9255317148391222,32,31,569.7,22,95745,95707,0,96,False,True
50,EXP,Jean,717,NO_INTERMEDIATE_RECOVERY,8,0,0,4,0.9480933739306945,0.9881195347370866,32,29,512.64,22,83710,79146,0,37,False,True
50,EXP,Jean,717,REST_BELOW_HALF,8,0,0,4,0.9480933739306945,0.9881195347370866,32,29,512.64,22,83710,79146,0,37,False,True
50,EXP,Jean,925,NO_INTERMEDIATE_RECOVERY,8,0,0,4,0.8947201270345375,1,32,31,546.39,0,89328,84048,0,0,False,True
50,EXP,Jean,925,REST_BELOW_HALF,8,0,0,4,0.8947201270345375,1,32,31,546.39,0,89328,84048,0,0,False,True
50,EXP,Sucrose,717,NO_INTERMEDIATE_RECOVERY,4,1,5,0,0.0,0,22,11,415.34,0,0,53638,0,0,True,False
50,EXP,Sucrose,717,REST_BELOW_HALF,8,0,0,4,0.17705438666137355,0.7994959715911261,29,24,590.88,214.43,0,79502,4,1582,False,True
50,EXP,Sucrose,925,NO_INTERMEDIATE_RECOVERY,4,1,6,0,0.0,0,22,9,397.26,0,0,54898,0,0,True,False
50,EXP,Sucrose,925,REST_BELOW_HALF,8,0,0,4,0.0852719333068678,0.5783344152124938,30,25,593.88,194.45,0,83671,4,1675,False,True
50,TALENT,Barbara,717,NO_INTERMEDIATE_RECOVERY,8,0,0,4,0.79585326953748,0.9705511781409256,24,23,375.87,43.6,51869,50110,0,61,False,True
50,TALENT,Barbara,717,REST_BELOW_HALF,8,0,0,4,0.79585326953748,0.9705511781409256,24,23,375.87,43.6,51869,50110,0,61,False,True
50,TALENT,Barbara,925,NO_INTERMEDIATE_RECOVERY,8,0,0,4,0.6598650258038904,0.9482106925926622,24,22,359.54999999999995,83.75,53354,51998,0,92,False,True
50,TALENT,Barbara,925,REST_BELOW_HALF,8,0,0,4,0.6598650258038904,0.9482106925926622,24,22,359.54999999999995,83.75,53354,51998,0,92,False,True
50,TALENT,Jean,717,NO_INTERMEDIATE_RECOVERY,8,0,0,4,1.0,1,24,16,325.03,0,34891,29611,0,0,False,True
50,TALENT,Jean,717,REST_BELOW_HALF,8,0,0,4,1.0,1,24,16,325.03,0,34891,29611,0,0,False,True
50,TALENT,Jean,925,NO_INTERMEDIATE_RECOVERY,8,0,0,4,1.0,1,24,16,325.03,0,32773,27493,0,0,False,True
50,TALENT,Jean,925,REST_BELOW_HALF,8,0,0,4,1.0,1,24,16,325.03,0,32773,27493,0,0,False,True
50,TALENT,Sucrose,717,NO_INTERMEDIATE_RECOVERY,8,0,5,2,0.0,0.28926266753217,29,12,407.77,30,0,42267,0,685,False,True
50,TALENT,Sucrose,717,REST_BELOW_HALF,8,0,0,4,0.34942437475188565,0.7845660391767536,24,16,395.93999999999994,225.29,0,37665,2,838,False,True
50,TALENT,Sucrose,925,NO_INTERMEDIATE_RECOVERY,8,0,5,2,0.0,0.39230211157356143,25,13,393.99,30,0,36870,0,588,False,True
50,TALENT,Sucrose,925,REST_BELOW_HALF,8,0,0,4,0.36371576022231045,0.7964985299171408,24,16,393.7199999999999,186.71,0,39674,2,852,False,True
60,ASCENSION,Barbara,717,NO_INTERMEDIATE_RECOVERY,8,0,0,4,0.8423664122137404,0.9359842529432884,23,16,288.27,26,45332,46824,0,98,False,True
60,ASCENSION,Barbara,717,REST_BELOW_HALF,8,0,0,4,0.8423664122137404,0.9359842529432884,23,16,288.27,26,45332,46824,0,98,False,True
60,ASCENSION,Barbara,925,NO_INTERMEDIATE_RECOVERY,8,0,0,4,0.8176445978454137,0.9468289240749224,23,16,282.72,26,48160,45111,0,85,False,True
60,ASCENSION,Barbara,925,REST_BELOW_HALF,8,0,0,4,0.8176445978454137,0.9468289240749224,23,16,282.72,26,48160,45111,0,85,False,True
60,ASCENSION,Jean,717,NO_INTERMEDIATE_RECOVERY,8,0,0,4,1.0,1,16,14,232.57999999999998,0,33690,25674,0,0,False,True
60,ASCENSION,Jean,717,REST_BELOW_HALF,8,0,0,4,1.0,1,16,14,232.57999999999998,0,33690,25674,0,0,False,True
60,ASCENSION,Jean,925,NO_INTERMEDIATE_RECOVERY,8,0,0,4,1.0,1,16,15,249.88000000000005,0,39899,31883,0,0,False,True
60,ASCENSION,Jean,925,REST_BELOW_HALF,8,0,0,4,1.0,1,16,15,249.88000000000005,0,39899,31883,0,0,False,True
60,ASCENSION,Sucrose,717,NO_INTERMEDIATE_RECOVERY,8,0,0,4,0.08670641146323606,0.46389782783588096,16,16,326.01,46.26,0,42648,0,636,False,True
60,ASCENSION,Sucrose,717,REST_BELOW_HALF,8,0,0,4,0.44298664122137404,0.7770766291230893,16,16,334.89000000000004,88.25999999999999,0,43154,1,668,False,True
60,ASCENSION,Sucrose,925,NO_INTERMEDIATE_RECOVERY,8,0,0,4,0.07828679008471917,0.48785699919549474,16,16,322.68,26,0,40742,0,597,False,True
60,ASCENSION,Sucrose,925,REST_BELOW_HALF,8,0,0,4,0.3802949482271729,0.7579696299275945,16,16,329.34000000000003,79.38,0,45223,1,689,False,True
60,EXP,Barbara,717,NO_INTERMEDIATE_RECOVERY,8,0,0,4,0.2516996130111913,0.6495784691186848,40,37,705.77,53.82,235182,260482,0,445,False,True
60,EXP,Barbara,717,REST_BELOW_HALF,8,0,0,4,0.391015584143918,0.72708815628211,40,36,701.79,144.8,189025,230238,1,715,False,True
60,EXP,Barbara,925,NO_INTERMEDIATE_RECOVERY,8,0,0,4,0.2946867482480912,0.7500402342250888,39,37,707.86,68.9,229526,248031,0,55,False,True
60,EXP,Barbara,925,REST_BELOW_HALF,8,0,1,3,0.0,0.795436819886849,39,37,707.1400000000001,508.9000000000001,177330,266893,3,742,False,True
60,EXP,Jean,717,NO_INTERMEDIATE_RECOVERY,8,0,0,4,0.6971028135132308,0.9353484918593765,26,20,433.94000000000005,52.71,156106,159108,0,112,False,True
60,EXP,Jean,717,REST_BELOW_HALF,8,0,0,4,0.6971028135132308,0.9353484918593765,26,20,433.94000000000005,52.71,156106,159108,0,112,False,True
60,EXP,Jean,925,NO_INTERMEDIATE_RECOVERY,8,0,0,4,0.6785901056374856,0.9796296097020306,27,22,459.6600000000001,68.52,154913,152497,0,0,False,True
60,EXP,Jean,925,REST_BELOW_HALF,8,0,0,4,0.6785901056374856,0.9796296097020306,27,22,459.6600000000001,68.52,154913,152497,0,0,False,True
60,EXP,Sucrose,717,NO_INTERMEDIATE_RECOVERY,5,1,6,0,0.0,0,19,12,504.82000000000005,0,0,83378,0,0,True,False
60,EXP,Sucrose,717,REST_BELOW_HALF,8,0,1,3,0.0,0.7729158286403862,25,22,619.4300000000001,622.3499999999999,0,118260,4,2359,False,True
60,EXP,Sucrose,925,NO_INTERMEDIATE_RECOVERY,5,1,6,0,0.0,0,21,11,473.22,0,0,83378,0,0,True,False
60,EXP,Sucrose,925,REST_BELOW_HALF,8,0,0,4,0.14972283233971342,0.6269484111021721,24,20,572.36,465.71000000000004,0,121597,3,2090,False,True
60,TALENT,Barbara,717,NO_INTERMEDIATE_RECOVERY,8,0,0,4,0.8027925949168497,0.9485249514094358,24,19,358.32,56.46,47075,45547,0,28,False,True
60,TALENT,Barbara,717,REST_BELOW_HALF,8,0,0,4,0.8027925949168497,0.9485249514094358,24,19,358.32,56.46,47075,45547,0,28,False,True
60,TALENT,Barbara,925,NO_INTERMEDIATE_RECOVERY,8,0,0,4,0.8090680891120176,0.9381754707404335,24,16,341.55,58.68,50028,48823,0,29,False,True
60,TALENT,Barbara,925,REST_BELOW_HALF,8,0,0,4,0.8090680891120176,0.9381754707404335,24,16,341.55,58.68,50028,48823,0,29,False,True
60,TALENT,Jean,717,NO_INTERMEDIATE_RECOVERY,8,0,0,4,1.0,1,18,16,322.67999999999995,0,35165,27149,0,0,False,True
60,TALENT,Jean,717,REST_BELOW_HALF,8,0,0,4,1.0,1,18,16,322.67999999999995,0,35165,27149,0,0,False,True
60,TALENT,Jean,925,NO_INTERMEDIATE_RECOVERY,8,0,0,4,1.0,1,19,16,323.78999999999996,0,35498,27482,0,0,False,True
60,TALENT,Jean,925,REST_BELOW_HALF,8,0,0,4,1.0,1,19,16,323.78999999999996,0,35498,27482,0,0,False,True
60,TALENT,Sucrose,717,NO_INTERMEDIATE_RECOVERY,8,0,1,3,0.0,0.5013576025744167,17,15,371.98,30,0,41581,0,583,False,True
60,TALENT,Sucrose,717,REST_BELOW_HALF,8,0,0,4,0.38573370986298505,0.7030872888173774,16,16,365.97,144.11,0,41677,1,673,False,True
60,TALENT,Sucrose,925,NO_INTERMEDIATE_RECOVERY,8,0,2,3,0.0,0.4751986122284795,17,14,389.09,30,0,45575,0,612,False,True
60,TALENT,Sucrose,925,REST_BELOW_HALF,8,0,0,4,0.4286685493149252,0.7165124698310539,16,16,371.52,119.08,0,43859,1,684,False,True
