id,seed,floor,baseline,final,baselineRounds,finalRounds,baselineEarlyPcKo,finalEarlyPcKoAdvanced,baselineMeals,finalMeals
f10_four_c6_exclusive_meals,717,10,CLEARED,DOWNED,10,3,2,0,18,4
f10_four_c6_exclusive_meals,4242,10,TIMEOUT,DOWNED,18,6,1,0,18,10
f10_four_c6_exclusive_meals,9031,10,CLEARED,DOWNED,9,6,1,0,16,10
f11_mixed_exclusive_meals,717,11,CLEARED,DOWNED,13,6,2,0,21,4
f11_mixed_exclusive_meals,4242,11,CLEARED,DOWNED,17,5,2,0,19,4
f11_mixed_exclusive_meals,9031,11,CLEARED,DOWNED,10,5,2,0,18,4
fixed_f12_c0_guard_none_buffonly,717,12,TIMEOUT,DOWNED,24,12,1,0,0,0
fixed_f12_c0_guard_none_buffonly,4242,12,TIMEOUT,TIMEOUT,12,12,0,0,0,0
fixed_f12_c0_guard_none_buffonly,9031,12,TIMEOUT,TIMEOUT,12,12,0,0,0,0
fixed_f12_c0_guard_crit_healing,717,12,CLEARED,CLEARED,32,32,0,0,38,38
fixed_f12_c0_guard_crit_healing,4242,12,TIMEOUT,TIMEOUT,12,12,0,0,12,12
fixed_f12_c0_guard_crit_healing,9031,12,TIMEOUT,TIMEOUT,12,12,0,0,12,12
fixed_f12_c0_guard_all_healing,717,12,CLEARED,CLEARED,32,32,0,0,62,62
fixed_f12_c0_guard_all_healing,4242,12,TIMEOUT,TIMEOUT,12,12,0,0,20,20
fixed_f12_c0_guard_all_healing,9031,12,TIMEOUT,TIMEOUT,12,12,0,0,20,20
f12_xiangling_c6_crit_healing,717,12,TIMEOUT,DOWNED,32,20,1,0,38,24
f12_xiangling_c6_crit_healing,4242,12,CLEARED,CLEARED,31,31,0,0,40,40
f12_xiangling_c6_crit_healing,9031,12,CLEARED,DOWNED,30,19,1,0,40,26
fixed_f12_c6_guard_feast_healing,717,12,CLEARED,CLEARED,22,22,0,0,12,12
fixed_f12_c6_guard_feast_healing,4242,12,CLEARED,CLEARED,26,26,0,0,12,12
fixed_f12_c6_guard_feast_healing,9031,12,CLEARED,CLEARED,26,26,0,0,12,12
