team,enhance,talentMode,seed,wins,losses,mainRounds,mainSeconds,mainHpDamage,mainShieldAbsorbed,mainEffectiveHealing,directHpLossOutsideDamagePipeline,mainKo,afterMainHpRatio,mainBossAttackRequests,mainBossProcessedActions,mainBossTurnCount,mainCoreHits,mainCoreCompletedFour,mainCoreTimedOutRevived,lodgingMora,innMoraComparableAfterThreeWins,recoveryFailure
FOUR_ATTACK,3,MAX,717,1,1,19,408.48,24973,0,5325,0,4,0,45,33,19,5,0,2,0,,"{'code': 'ACTION_LOCK', 'message': '전투에서 패배해 정신을 차리는 중입니다 · 60초 남음'}"
FOUR_ATTACK,3,MAX,925,1,1,23,415.79,26035,0,6387,0,4,0,47,38,22,6,0,2,0,,"{'code': 'ACTION_LOCK', 'message': '전투에서 패배해 정신을 차리는 중입니다 · 60초 남음'}"
FOUR_ATTACK,3,MAX,4242,1,1,25,438.64,27097,0,7449,0,4,0,50,43,25,6,0,2,0,,"{'code': 'ACTION_LOCK', 'message': '전투에서 패배해 정신을 차리는 중입니다 · 60초 남음'}"
FOUR_HEAL,3,MAX,717,3,0,38,713.81,62168,0,58804,0,0,0.8299979785728725,106,65,38,4,0,3,90,90,
FOUR_HEAL,3,MAX,925,3,0,38,697.6800000000001,57186,0,55604,0,0,0.9200525571053163,100,63,37,6,0,3,55,55,
FOUR_HEAL,3,MAX,4242,3,0,32,624.9000000000001,52283,0,51339,0,0,0.9522943197897715,90,55,32,1,0,3,42,42,
FOUR_ATTACK,6,MAX,717,1,1,20,410.24,25257,0,5382,0,4,0,45,33,19,5,0,2,0,,"{'code': 'ACTION_LOCK', 'message': '전투에서 패배해 정신을 차리는 중입니다 · 60초 남음'}"
FOUR_ATTACK,6,MAX,925,1,1,22,432.44,26331,0,6456,0,4,0,48,37,21,4,0,2,0,,"{'code': 'ACTION_LOCK', 'message': '전투에서 패배해 정신을 차리는 중입니다 · 60초 남음'}"
FOUR_ATTACK,6,MAX,4242,1,1,22,419.77,26331,0,6456,0,4,0,47,38,22,6,0,2,0,,"{'code': 'ACTION_LOCK', 'message': '전투에서 패배해 정신을 차리는 중입니다 · 60초 남음'}"
FOUR_HEAL,6,MAX,717,3,0,36,702.9100000000001,62190,0,59888,0,0,0.8849862603047715,104,62,36,4,0,3,68,68,
FOUR_HEAL,6,MAX,925,3,0,35,653.75,52396,0,51118,0,0,0.9099675243567324,92,58,34,5,0,3,59,59,
FOUR_HEAL,6,MAX,4242,3,0,35,671.51,57502,0,57764,0,0,1,98,60,35,3,0,3,0,0,
