candidate,level,kind,key,support,seed,enhance,talent,wins,losses,mainRounds,mainActions,mainSeconds,mainEffectiveHealing,mainAllyHpDamage,mainKoEvents,mainZeroHealCalls,afterMainHpRatio,lodgingMora,recoverySeconds,totalSeconds,stopReason,rawFile,battles,effectiveEnhance,allFourSurvivedEveryMainBattle,allFourFullEveryMainBattleAfterReward,fullMainEndCount,levelUpEvents,levelUpHPGains,nonLevelRewardHPGains,innBuyCount,finalFullHP,finalTravelFightCount,finalTravelWins,finalTravelLosses,innCostComparable
BASELINE,10,TALENT,FORSAKEN_RIFT,Barbara,717,,,3,1,21,5,354.81,7771,15552,7,14,0,0,0,354.81,DEFEAT,broad_BASELINE_10.result.json,4,3,False,False,0,0,0,522,0,False,0,0,0,
BASELINE,10,TALENT,FORSAKEN_RIFT,Barbara,925,,,4,1,24,7,373.5,9092,17047,8,19,0,0,0,373.5,DEFEAT,broad_BASELINE_10.result.json,5,3,False,False,0,0,0,696,0,False,0,0,0,
BASELINE,10,TALENT,FORSAKEN_RIFT,Jean,717,,,8,0,24,21,454.23,17663,18288,0,41,0.8836604705576498,41,26,480.23,RUNS_COMPLETED,broad_BASELINE_10.result.json,8,3,True,False,0,0,0,0,1,True,0,0,0,41
BASELINE,10,TALENT,FORSAKEN_RIFT,Jean,925,,,8,0,24,19,442.81,16525,18411,1,43,0.7284544391004809,68,26,468.81,RUNS_COMPLETED,broad_BASELINE_10.result.json,8,3,False,False,0,0,0,174,1,True,0,0,0,68
BASELINE,10,ASCENSION,VALLEY_OF_REMEMBRANCE,Barbara,717,,,8,0,26,19,417.40999999999997,13565,16478,2,12,0.609450337512054,84,22,439.40999999999997,RUNS_COMPLETED,broad_BASELINE_10.result.json,8,3,False,False,0,0,0,348,1,True,0,0,0,84
BASELINE,10,ASCENSION,VALLEY_OF_REMEMBRANCE,Barbara,925,,,8,0,24,21,419.82,14920,17089,0,13,0.6888001102080177,72,22,441.82,RUNS_COMPLETED,broad_BASELINE_10.result.json,8,3,True,False,0,0,0,0,1,True,0,0,0,72
BASELINE,10,ASCENSION,VALLEY_OF_REMEMBRANCE,Jean,717,,,8,0,18,16,309.36,11199,10963,0,45,0.9507344339009489,30,22,331.36,RUNS_COMPLETED,broad_BASELINE_10.result.json,8,3,True,False,1,0,0,0,1,True,0,0,0,30
BASELINE,10,ASCENSION,VALLEY_OF_REMEMBRANCE,Jean,925,,,8,0,16,16,301.59000000000003,11138,10722,0,54,0.9955803977642013,21,22,323.59000000000003,RUNS_COMPLETED,broad_BASELINE_10.result.json,8,3,True,False,0,0,0,0,1,True,0,0,0,21
BASELINE,10,EXP,MIDSUMMER_COURTYARD,Barbara,717,,,7,1,35,27,677.77,22474,29817,5,10,0,0,0,677.77,DEFEAT,broad_BASELINE_10.result.json,8,3,False,False,0,0,0,174,0,False,0,0,0,
BASELINE,10,EXP,MIDSUMMER_COURTYARD,Barbara,925,,,2,1,16,10,297.9,5540,12799,4,11,0,0,0,297.9,DEFEAT,broad_BASELINE_10.result.json,3,3,False,False,0,0,0,0,0,False,0,0,0,
BASELINE,10,EXP,MIDSUMMER_COURTYARD,Jean,717,,,8,0,28,21,440.7800000000001,18959,21333,1,33,0.6563109320161186,78,22,462.7800000000001,RUNS_COMPLETED,broad_BASELINE_10.result.json,8,3,False,False,0,0,0,0,1,True,0,0,0,78
BASELINE,10,EXP,MIDSUMMER_COURTYARD,Jean,925,,,8,0,24,13,411.75,14847,16924,3,35,0.7159755621994021,70,22,433.75,RUNS_COMPLETED,broad_BASELINE_10.result.json,8,3,False,False,0,0,0,522,1,True,0,0,0,70
BASELINE,15,TALENT,FORSAKEN_RIFT,Barbara,717,,,4,1,55,34,809.38,32845,43712,5,29,0,0,0,809.38,DEFEAT,broad_BASELINE_15.result.json,5,3,False,False,0,0,0,263,0,False,0,0,0,
BASELINE,15,TALENT,FORSAKEN_RIFT,Barbara,925,,,1,1,34,4,400.54,13808,24949,5,25,0,0,0,400.54,DEFEAT,broad_BASELINE_15.result.json,2,3,False,False,0,0,0,263,0,False,0,0,0,
BASELINE,15,TALENT,FORSAKEN_RIFT,Jean,717,,,8,0,45,41,712.99,33431,35415,0,48,0.7860908862666331,79,26,738.99,RUNS_COMPLETED,broad_BASELINE_15.result.json,8,3,True,False,1,0,0,0,1,True,0,0,0,79
BASELINE,15,TALENT,FORSAKEN_RIFT,Jean,925,,,8,0,46,43,740.8,34351,35699,0,53,0.852791028537953,60,26,766.8,RUNS_COMPLETED,broad_BASELINE_15.result.json,8,3,True,False,0,0,0,0,1,True,0,0,0,60
BASELINE,15,TALENT,FORSAKEN_RIFT,Sucrose,717,,,3,1,14,11,367,0,10865,4,0,0,0,0,367,DEFEAT,broad_BASELINE_15.result.json,4,3,False,False,0,0,0,0,0,False,0,0,0,
BASELINE,15,TALENT,FORSAKEN_RIFT,Sucrose,925,,,2,1,13,9,310.44,0,11128,5,0,0,0,0,310.44,DEFEAT,broad_BASELINE_15.result.json,3,3,False,False,0,0,0,263,0,False,0,0,0,
BASELINE,15,ASCENSION,VALLEY_OF_REMEMBRANCE,Barbara,717,,,8,0,24,16,353.75999999999993,16413,17069,0,3,0.8658193372673627,53,22,375.75999999999993,RUNS_COMPLETED,broad_BASELINE_15.result.json,8,3,True,False,0,0,0,0,1,True,0,0,0,53
BASELINE,15,ASCENSION,VALLEY_OF_REMEMBRANCE,Barbara,925,,,8,0,24,16,351.5400000000001,15216,15803,0,5,0.8845211075805719,49,22,373.5400000000001,RUNS_COMPLETED,broad_BASELINE_15.result.json,8,3,True,False,0,0,0,0,1,True,0,0,0,49
BASELINE,15,ASCENSION,VALLEY_OF_REMEMBRANCE,Jean,717,,,8,0,16,16,274.95000000000005,11316,10867,0,36,0.9687839986609759,28,22,296.95000000000005,RUNS_COMPLETED,broad_BASELINE_15.result.json,8,3,True,False,1,0,0,0,1,True,0,0,0,28
BASELINE,15,ASCENSION,VALLEY_OF_REMEMBRANCE,Jean,925,,,8,0,16,15,266.53,9407,8747,0,41,0.9864423801154908,24,22,288.53,RUNS_COMPLETED,broad_BASELINE_15.result.json,8,3,True,False,2,0,0,0,1,True,0,0,0,24
BASELINE,15,ASCENSION,VALLEY_OF_REMEMBRANCE,Sucrose,717,,,8,0,16,12,283.45,0,10597,5,0,0.09728485964104924,237,22,305.45,RUNS_COMPLETED,broad_BASELINE_15.result.json,8,3,False,False,0,0,0,789,1,True,0,0,0,237
BASELINE,15,ASCENSION,VALLEY_OF_REMEMBRANCE,Sucrose,925,,,8,0,20,11,310.55,0,10239,5,0,0.13023469857340084,229,22,332.55,RUNS_COMPLETED,broad_BASELINE_15.result.json,8,3,False,False,0,0,0,789,1,True,0,0,0,229
BASELINE,15,EXP,MIDSUMMER_COURTYARD,Barbara,717,,,4,1,34,16,485.58000000000004,16414,32301,7,25,0,0,0,485.58000000000004,DEFEAT,broad_BASELINE_15.result.json,5,3,False,False,1,4,4751,539,0,False,0,0,0,
BASELINE,15,EXP,MIDSUMMER_COURTYARD,Barbara,925,,,1,1,14,6,206.61,3991,15269,5,11,0,0,0,206.61,DEFEAT,broad_BASELINE_15.result.json,2,3,False,False,0,0,0,263,0,False,0,0,0,
BASELINE,15,EXP,MIDSUMMER_COURTYARD,Jean,717,,,8,0,40,27,572.26,29283,42319,3,52,1,0,0,572.26,RUNS_COMPLETED,broad_BASELINE_15.result.json,8,3,False,False,3,12,14636,539,0,True,0,0,0,0
BASELINE,15,EXP,MIDSUMMER_COURTYARD,Jean,925,,,8,0,52,22,577.5,30785,49948,8,43,1,0,0,577.5,RUNS_COMPLETED,broad_BASELINE_15.result.json,8,3,False,False,3,12,20804,802,0,True,0,0,0,0
BASELINE,15,EXP,MIDSUMMER_COURTYARD,Sucrose,717,,,1,1,11,6,218.95,0,10865,4,0,0,0,0,218.95,DEFEAT,broad_BASELINE_15.result.json,2,3,False,False,0,0,0,0,0,False,0,0,0,
BASELINE,15,EXP,MIDSUMMER_COURTYARD,Sucrose,925,,,2,1,12,9,278.38,0,11128,5,0,0,0,0,278.38,DEFEAT,broad_BASELINE_15.result.json,3,3,False,False,0,0,0,263,0,False,0,0,0,
BASELINE,25,TALENT,FORSAKEN_RIFT,Barbara,717,,,2,1,12,6,256.06,13636,34000,6,8,0,0,0,256.06,DEFEAT,broad_BASELINE_25.result.json,3,3,False,False,0,0,0,924,0,False,0,0,0,
BASELINE,25,TALENT,FORSAKEN_RIFT,Barbara,925,,,1,1,10,4,202.95999999999998,8794,28696,5,8,0,0,0,202.95999999999998,DEFEAT,broad_BASELINE_25.result.json,2,3,False,False,0,0,0,462,0,False,0,0,0,
BASELINE,25,TALENT,FORSAKEN_RIFT,Jean,717,,,8,0,34,28,664.06,62694,70204,1,36,0.604783175134934,199,26,690.06,RUNS_COMPLETED,broad_BASELINE_25.result.json,8,3,False,False,0,0,0,462,1,True,0,0,0,199
BASELINE,25,TALENT,FORSAKEN_RIFT,Jean,925,,,8,0,38,21,633.3299999999999,64284,79181,6,31,0.3479899497487437,310,26,659.3299999999999,RUNS_COMPLETED,broad_BASELINE_25.result.json,8,3,False,False,0,0,0,1848,1,True,0,0,0,310
BASELINE,25,TALENT,FORSAKEN_RIFT,Sucrose,717,,,1,1,7,5,238.15,0,19161,4,0,0,0,0,238.15,DEFEAT,broad_BASELINE_25.result.json,2,3,False,False,0,0,0,0,0,False,0,0,0,
BASELINE,25,TALENT,FORSAKEN_RIFT,Sucrose,925,,,1,1,8,4,242.92000000000002,0,19161,4,0,0,0,0,242.92000000000002,DEFEAT,broad_BASELINE_25.result.json,2,3,False,False,0,0,0,0,0,False,0,0,0,
BASELINE,25,ASCENSION,CECILIA_GARDEN,Barbara,717,,,8,0,29,25,470.67,40989,44925,0,15,0.7355452674897119,130,30,500.67,RUNS_COMPLETED,broad_BASELINE_25.result.json,8,3,True,False,0,0,0,0,1,True,0,0,0,130
BASELINE,25,ASCENSION,CECILIA_GARDEN,Barbara,925,,,8,0,26,24,454.35,40457,44480,0,12,0.7434670781893004,125,30,484.35,RUNS_COMPLETED,broad_BASELINE_25.result.json,8,3,True,False,0,0,0,0,1,True,0,0,0,125
BASELINE,25,ASCENSION,CECILIA_GARDEN,Jean,717,,,8,0,24,16,369.29999999999995,32524,32954,0,44,0.9014982319002419,64,30,399.29999999999995,RUNS_COMPLETED,broad_BASELINE_25.result.json,8,3,True,False,0,0,0,0,1,True,0,0,0,64
BASELINE,25,ASCENSION,CECILIA_GARDEN,Jean,925,,,8,0,24,17,375.62999999999994,35552,36156,0,37,0.8836311185557417,73,30,405.62999999999994,RUNS_COMPLETED,broad_BASELINE_25.result.json,8,3,True,False,0,0,0,0,1,True,0,0,0,73
BASELINE,25,ASCENSION,CECILIA_GARDEN,Sucrose,717,,,5,1,16,10,351.77,0,20085,6,0,0,0,0,351.77,DEFEAT,broad_BASELINE_25.result.json,6,3,False,False,0,0,0,924,0,False,0,0,0,
BASELINE,25,ASCENSION,CECILIA_GARDEN,Sucrose,925,,,4,1,13,8,309.77,0,20085,6,0,0,0,0,309.77,DEFEAT,broad_BASELINE_25.result.json,5,3,False,False,0,0,0,924,0,False,0,0,0,
BASELINE,25,EXP,PEAK_OF_VINDAGNYR,Barbara,717,,,6,1,48,17,671.8399999999999,51090,72338,10,23,0,0,0,671.8399999999999,DEFEAT,broad_BASELINE_25.result.json,7,3,False,False,0,0,0,2772,0,False,0,0,0,
BASELINE,25,EXP,PEAK_OF_VINDAGNYR,Barbara,925,,,2,1,26,8,337.41,22331,42454,6,20,0,0,0,337.41,DEFEAT,broad_BASELINE_25.result.json,3,3,False,False,0,0,0,924,0,False,0,0,0,
BASELINE,25,EXP,PEAK_OF_VINDAGNYR,Jean,717,,,8,0,40,37,643.79,58066,61742,1,41,0.7857807556300018,115,38,681.79,RUNS_COMPLETED,broad_BASELINE_25.result.json,8,3,False,False,0,0,0,462,1,True,0,0,0,115
BASELINE,25,EXP,PEAK_OF_VINDAGNYR,Jean,925,,,8,0,37,37,632.69,56383,58123,0,38,0.8405453191885353,92,38,670.69,RUNS_COMPLETED,broad_BASELINE_25.result.json,8,3,True,False,0,0,0,0,1,True,0,0,0,92
BASELINE,25,EXP,PEAK_OF_VINDAGNYR,Sucrose,717,,,2,1,13,6,276.17,0,19623,5,0,0,0,0,276.17,DEFEAT,broad_BASELINE_25.result.json,3,3,False,False,0,0,0,462,0,False,0,0,0,
BASELINE,25,EXP,PEAK_OF_VINDAGNYR,Sucrose,925,,,2,1,12,6,293.93,0,19623,5,0,0,0,0,293.93,DEFEAT,broad_BASELINE_25.result.json,3,3,False,False,0,0,0,462,0,False,0,0,0,
BASELINE,30,TALENT,TAISHAN_MANSION,Barbara,717,,,8,0,16,16,254.97000000000003,16557,15063,0,13,0.9764202861739056,30,72,326.97,RUNS_COMPLETED,broad_BASELINE_30.result.json,8,6,True,False,4,0,0,0,1,True,1,1,0,30
BASELINE,30,TALENT,TAISHAN_MANSION,Barbara,925,,,8,0,16,16,258.30000000000007,15400,13999,0,10,0.9972906612479892,95,115.28,373.58000000000004,RUNS_COMPLETED,broad_BASELINE_30.result.json,8,6,True,False,2,0,0,0,1,True,1,1,0,95
BASELINE,30,TALENT,TAISHAN_MANSION,Jean,717,,,8,0,16,12,210.45,13006,10662,0,40,1,0,0,210.45,RUNS_COMPLETED,broad_BASELINE_30.result.json,8,6,True,False,5,0,0,0,0,True,0,0,0,0
BASELINE,30,TALENT,TAISHAN_MANSION,Jean,925,,,8,0,16,9,203.8,15074,13234,0,39,0.9807110872976387,37,30,233.8,RUNS_COMPLETED,broad_BASELINE_30.result.json,8,6,True,False,4,0,0,0,1,True,0,0,0,37
BASELINE,30,ASCENSION,LIANSHAN_FORMULA,Barbara,717,,,8,0,16,16,256.08000000000004,16533,15068,0,9,1,0,0,256.08000000000004,RUNS_COMPLETED,broad_BASELINE_30.result.json,8,6,True,False,1,0,0,0,0,True,0,0,0,0
BASELINE,30,ASCENSION,LIANSHAN_FORMULA,Barbara,925,,,8,0,16,16,261.63,16884,15042,0,9,0.978748624163915,37,26,287.63,RUNS_COMPLETED,broad_BASELINE_30.result.json,8,6,True,False,0,0,0,0,1,True,0,0,0,37
BASELINE,30,ASCENSION,LIANSHAN_FORMULA,Jean,717,,,8,0,16,9,199.35999999999999,16191,14310,0,40,0.9822802250373148,35,26,225.35999999999999,RUNS_COMPLETED,broad_BASELINE_30.result.json,8,6,True,False,3,0,0,0,1,True,0,0,0,35
BASELINE,30,ASCENSION,LIANSHAN_FORMULA,Jean,925,,,8,0,15,12,201.57,14904,13312,0,42,0.9824333116460637,35,26,227.57,RUNS_COMPLETED,broad_BASELINE_30.result.json,8,6,True,False,3,0,0,0,1,True,0,0,0,35
BASELINE,30,EXP,RIDGE_WATCH,Barbara,717,,,8,0,16,16,307.14000000000004,25387,24369,0,5,0.9810769621539243,29,26,333.14000000000004,RUNS_COMPLETED,broad_BASELINE_30.result.json,8,6,True,False,0,0,0,0,1,True,0,0,0,29
BASELINE,30,EXP,RIDGE_WATCH,Barbara,925,,,8,0,16,16,308.25000000000006,24110,23498,0,3,0.9514859029718059,45,26,334.25000000000006,RUNS_COMPLETED,broad_BASELINE_30.result.json,8,6,True,False,0,0,0,0,1,True,0,0,0,45
BASELINE,30,EXP,RIDGE_WATCH,Jean,717,,,8,0,16,14,242.57,22872,21504,0,39,0.9738604615561254,34,26,268.57,RUNS_COMPLETED,broad_BASELINE_30.result.json,8,6,True,False,2,0,0,0,1,True,0,0,0,34
BASELINE,30,EXP,RIDGE_WATCH,Jean,925,,,8,0,16,13,247.60000000000002,20998,19958,0,35,0.9837345478204295,30,26,273.6,RUNS_COMPLETED,broad_BASELINE_30.result.json,8,6,True,False,1,0,0,0,1,True,0,0,0,30
BASELINE,40,TALENT,TAISHAN_MANSION,Barbara,717,,,8,0,16,16,307.14000000000004,31569,30347,0,3,0.9465837147477184,47,74.22,381.36,RUNS_COMPLETED,broad_BASELINE_40.result.json,8,6,True,False,0,0,0,0,1,True,1,1,0,47
BASELINE,40,TALENT,TAISHAN_MANSION,Barbara,925,,,8,0,16,16,299.37,34386,31875,0,2,0.969495984871324,71,92.75999999999999,392.13,RUNS_COMPLETED,broad_BASELINE_40.result.json,8,6,True,False,1,0,0,0,1,True,1,1,0,71
BASELINE,40,TALENT,TAISHAN_MANSION,Jean,717,,,8,0,8,8,177.61999999999998,25891,22267,0,39,1,0,0,177.61999999999998,RUNS_COMPLETED,broad_BASELINE_40.result.json,8,6,True,True,8,0,0,0,0,True,0,0,0,0
BASELINE,40,TALENT,TAISHAN_MANSION,Jean,925,,,8,0,8,8,177.61999999999998,23627,20003,0,39,1,0,0,177.61999999999998,RUNS_COMPLETED,broad_BASELINE_40.result.json,8,6,True,True,8,0,0,0,0,True,0,0,0,0
BASELINE,40,TALENT,TAISHAN_MANSION,Sucrose,717,,,8,0,14,12,303.42999999999995,0,26324,2,0,0.31582607728044065,569,75.78999999999999,379.2199999999999,RUNS_COMPLETED,broad_BASELINE_40.result.json,8,6,False,False,0,0,0,1730,1,True,1,1,0,569
BASELINE,40,TALENT,TAISHAN_MANSION,Sucrose,925,,,8,0,14,12,303.43,0,24848,3,0,0.3568865273875428,551,95.75999999999999,399.19,RUNS_COMPLETED,broad_BASELINE_40.result.json,8,6,False,False,0,0,0,1730,1,True,1,1,0,551
BASELINE,40,ASCENSION,LIANSHAN_FORMULA,Barbara,717,,,8,0,16,16,245.10999999999999,16551,13365,0,9,1,0,0,245.10999999999999,RUNS_COMPLETED,broad_BASELINE_40.result.json,8,6,True,False,6,0,0,0,0,True,0,0,0,0
BASELINE,40,ASCENSION,LIANSHAN_FORMULA,Barbara,925,,,8,0,16,16,253.86000000000004,18269,16337,0,9,0.9908734617809083,0,36.26,290.12000000000006,RUNS_COMPLETED,broad_BASELINE_40.result.json,8,6,True,False,2,0,0,0,0,True,1,1,0,0
BASELINE,40,ASCENSION,LIANSHAN_FORMULA,Jean,717,,,8,0,8,8,150.98,15696,12072,0,33,1,0,0,150.98,RUNS_COMPLETED,broad_BASELINE_40.result.json,8,6,True,True,8,0,0,0,0,True,0,0,0,0
BASELINE,40,ASCENSION,LIANSHAN_FORMULA,Jean,925,,,8,0,8,8,153.2,15366,11742,0,40,1,0,0,153.2,RUNS_COMPLETED,broad_BASELINE_40.result.json,8,6,True,True,8,0,0,0,0,True,0,0,0,0
BASELINE,40,ASCENSION,LIANSHAN_FORMULA,Sucrose,717,,,8,0,9,8,227.57,0,14478,0,0,0.5972403816730186,328,26,253.57,RUNS_COMPLETED,broad_BASELINE_40.result.json,8,6,True,False,0,0,0,0,1,True,0,0,0,328
BASELINE,40,ASCENSION,LIANSHAN_FORMULA,Sucrose,925,,,8,0,9,8,220.91,0,14013,0,0,0.6101760925807439,318,26,246.91,RUNS_COMPLETED,broad_BASELINE_40.result.json,8,6,True,False,0,0,0,0,1,True,0,0,0,318
BASELINE,40,EXP,ZHOU_FORMULA,Barbara,717,,,8,0,65,47,925.84,149801,162007,4,38,0.6982212842930359,275,26,951.84,RUNS_COMPLETED,broad_BASELINE_40.result.json,8,6,False,False,0,0,0,3460,1,True,0,0,0,275
BASELINE,40,EXP,ZHOU_FORMULA,Barbara,925,,,6,1,65,33,778.75,115427,150514,5,47,0,0,0,778.75,DEFEAT,broad_BASELINE_40.result.json,7,6,False,False,0,0,0,865,0,False,0,0,0,
BASELINE,40,EXP,ZHOU_FORMULA,Jean,717,,,8,0,45,41,662.2,103054,106987,0,41,0.83426211076893,177,26,688.2,RUNS_COMPLETED,broad_BASELINE_40.result.json,8,6,True,False,0,0,0,0,1,True,0,0,0,177
BASELINE,40,EXP,ZHOU_FORMULA,Jean,925,,,8,0,47,41,672.0599999999998,107519,112621,0,42,0.7977953756660312,211,26,698.0599999999998,RUNS_COMPLETED,broad_BASELINE_40.result.json,8,6,True,False,2,0,0,0,1,True,0,0,0,211
BASELINE,40,EXP,ZHOU_FORMULA,Sucrose,717,,,3,1,21,11,371.90000000000003,0,37677,6,0,0,0,0,371.90000000000003,DEFEAT,broad_BASELINE_40.result.json,4,6,False,False,0,0,0,1730,0,False,0,0,0,
BASELINE,40,EXP,ZHOU_FORMULA,Sucrose,925,,,3,1,20,11,349.83,0,37677,6,0,0,0,0,349.83,DEFEAT,broad_BASELINE_40.result.json,4,6,False,False,0,0,0,1730,0,False,0,0,0,
BASELINE,60,TALENT,TAISHAN_MANSION,Barbara,717,,,8,0,24,19,358.32,47075,45547,0,10,0.9485249514094358,28,56.46,414.78,RUNS_COMPLETED,broad_BASELINE_60.result.json,8,6,True,False,0,0,0,0,1,True,1,1,0,28
BASELINE,60,TALENT,TAISHAN_MANSION,Barbara,925,,,8,0,24,16,341.55,50028,48823,0,6,0.9381754707404335,29,58.68,400.23,RUNS_COMPLETED,broad_BASELINE_60.result.json,8,6,True,False,0,0,0,0,1,True,1,1,0,29
BASELINE,60,TALENT,TAISHAN_MANSION,Jean,717,,,8,0,18,16,322.67999999999995,35165,27149,0,57,1,0,0,322.67999999999995,RUNS_COMPLETED,broad_BASELINE_60.result.json,8,6,True,True,8,0,0,0,0,True,0,0,0,0
BASELINE,60,TALENT,TAISHAN_MANSION,Jean,925,,,8,0,19,16,323.78999999999996,35498,27482,0,59,1,0,0,323.78999999999996,RUNS_COMPLETED,broad_BASELINE_60.result.json,8,6,True,True,8,0,0,0,0,True,0,0,0,0
BASELINE,60,ASCENSION,LIANSHAN_FORMULA,Barbara,717,,,8,0,23,16,288.27,45332,46824,0,7,0.9359842529432884,98,26,314.27,RUNS_COMPLETED,broad_BASELINE_60.result.json,8,6,True,False,0,0,0,0,1,True,0,0,0,98
BASELINE,60,ASCENSION,LIANSHAN_FORMULA,Barbara,925,,,8,0,23,16,282.72,48160,45111,0,6,0.9468289240749224,85,26,308.72,RUNS_COMPLETED,broad_BASELINE_60.result.json,8,6,True,False,0,0,0,0,1,True,0,0,0,85
BASELINE,60,ASCENSION,LIANSHAN_FORMULA,Jean,717,,,8,0,16,14,232.57999999999998,33690,25674,0,44,1,0,0,232.57999999999998,RUNS_COMPLETED,broad_BASELINE_60.result.json,8,6,True,True,8,0,0,0,0,True,0,0,0,0
BASELINE,60,ASCENSION,LIANSHAN_FORMULA,Jean,925,,,8,0,16,15,249.88000000000005,39899,31883,0,45,1,0,0,249.88000000000005,RUNS_COMPLETED,broad_BASELINE_60.result.json,8,6,True,True,8,0,0,0,0,True,0,0,0,0
BASELINE,60,EXP,LOST_VALLEY,Barbara,717,,,8,0,40,37,705.77,235182,260482,0,10,0.6495784691186848,445,53.82,759.59,RUNS_COMPLETED,broad_BASELINE_60.result.json,8,6,True,False,0,0,0,0,1,True,1,1,0,445
BASELINE,60,EXP,LOST_VALLEY,Barbara,925,,,8,0,39,37,707.86,229526,248031,0,10,0.7500402342250888,55,68.9,776.76,RUNS_COMPLETED,broad_BASELINE_60.result.json,8,6,True,False,0,0,0,0,1,True,1,1,0,55
BASELINE,60,EXP,LOST_VALLEY,Jean,717,,,8,0,26,20,433.94000000000005,156106,159108,0,25,0.9353484918593765,112,52.71,486.65000000000003,RUNS_COMPLETED,broad_BASELINE_60.result.json,8,6,True,False,0,0,0,0,1,True,1,1,0,112
BASELINE,60,EXP,LOST_VALLEY,Jean,925,,,8,0,27,22,459.6600000000001,154913,152497,0,30,0.9796296097020306,0,68.52,528.1800000000001,RUNS_COMPLETED,broad_BASELINE_60.result.json,8,6,True,False,0,0,0,0,0,True,2,2,0,0
LOW,10,TALENT,FORSAKEN_RIFT,Barbara,717,,,2,1,13,4,244.64,3137,10744,6,9,0,0,0,244.64,DEFEAT,broad_LOW_10.result.json,3,3,False,False,0,0,0,348,0,False,0,0,0,
LOW,10,TALENT,FORSAKEN_RIFT,Barbara,925,,,2,1,21,4,290.15,3642,11249,6,21,0,0,0,290.15,DEFEAT,broad_LOW_10.result.json,3,3,False,False,0,0,0,348,0,False,0,0,0,
LOW,10,TALENT,FORSAKEN_RIFT,Jean,717,,,4,1,17,8,299.91,3276,11317,6,5,0,0,0,299.91,DEFEAT,broad_LOW_10.result.json,5,3,False,False,0,0,0,348,0,False,0,0,0,
LOW,10,TALENT,FORSAKEN_RIFT,Jean,925,,,4,1,16,12,319.41999999999996,3626,11319,4,6,0,0,0,319.41999999999996,DEFEAT,broad_LOW_10.result.json,5,3,False,False,0,0,0,0,0,False,0,0,0,
LOW,10,ASCENSION,VALLEY_OF_REMEMBRANCE,Barbara,717,,,3,1,17,7,271.88,3160,10413,5,12,0,0,0,271.88,DEFEAT,broad_LOW_10.result.json,4,3,False,False,0,0,0,174,0,False,0,0,0,
LOW,10,ASCENSION,VALLEY_OF_REMEMBRANCE,Barbara,925,,,6,1,25,17,410.86,8853,16286,5,12,0,0,0,410.86,DEFEAT,broad_LOW_10.result.json,7,3,False,False,0,0,0,174,0,False,0,0,0,
LOW,10,ASCENSION,VALLEY_OF_REMEMBRANCE,Jean,717,,,8,0,25,14,302.51,5027,12767,5,12,0.02287794098531132,176,22,324.51,RUNS_COMPLETED,broad_LOW_10.result.json,8,3,False,False,0,0,0,522,1,True,0,0,0,176
LOW,10,ASCENSION,VALLEY_OF_REMEMBRANCE,Jean,925,,,5,1,18,10,278.64,3158,11109,6,17,0,0,0,278.64,DEFEAT,broad_LOW_10.result.json,6,3,False,False,0,0,0,348,0,False,0,0,0,
LOW,10,EXP,MIDSUMMER_COURTYARD,Barbara,717,,,3,1,14,10,320.84000000000003,3456,10799,5,4,0,0,0,320.84000000000003,DEFEAT,broad_LOW_10.result.json,4,3,False,False,0,0,0,174,0,False,0,0,0,
LOW,10,EXP,MIDSUMMER_COURTYARD,Barbara,925,,,2,1,13,11,250.95000000000002,2583,9842,4,5,0,0,0,250.95000000000002,DEFEAT,broad_LOW_10.result.json,3,3,False,False,0,0,0,0,0,False,0,0,0,
LOW,10,EXP,MIDSUMMER_COURTYARD,Jean,717,,,3,1,16,8,263.65,2437,10304,5,8,0,0,0,263.65,DEFEAT,broad_LOW_10.result.json,4,3,False,False,0,0,0,174,0,False,0,0,0,
LOW,10,EXP,MIDSUMMER_COURTYARD,Jean,925,,,4,1,18,10,314.53000000000003,3937,11714,5,8,0,0,0,314.53000000000003,DEFEAT,broad_LOW_10.result.json,5,3,False,False,0,0,0,174,0,False,0,0,0,
LOW,15,TALENT,FORSAKEN_RIFT,Barbara,717,,,2,1,23,19,386.40999999999997,9569,20584,4,9,0,0,0,386.40999999999997,DEFEAT,broad_LOW_15.result.json,3,3,False,False,0,0,0,0,0,False,0,0,0,
LOW,15,TALENT,FORSAKEN_RIFT,Barbara,925,,,1,1,18,4,286.21000000000004,4584,15862,5,10,0,0,0,286.21000000000004,DEFEAT,broad_LOW_15.result.json,2,3,False,False,0,0,0,263,0,False,0,0,0,
LOW,15,TALENT,FORSAKEN_RIFT,Jean,717,,,3,1,27,14,390.16999999999996,6640,18715,5,10,0,0,0,390.16999999999996,DEFEAT,broad_LOW_15.result.json,4,3,False,False,0,0,0,263,0,False,0,0,0,
LOW,15,TALENT,FORSAKEN_RIFT,Jean,925,,,3,1,32,11,414.72999999999996,8683,21158,6,9,0,0,0,414.72999999999996,DEFEAT,broad_LOW_15.result.json,4,3,False,False,0,0,0,526,0,False,0,0,0,
LOW,15,ASCENSION,VALLEY_OF_REMEMBRANCE,Barbara,717,,,8,0,24,15,356.44,12922,17593,1,3,0.537630503858375,134,22,378.44,RUNS_COMPLETED,broad_LOW_15.result.json,8,3,False,False,0,0,0,263,1,True,0,0,0,134
LOW,15,ASCENSION,VALLEY_OF_REMEMBRANCE,Barbara,925,,,8,0,24,16,339.33000000000004,10990,16253,3,10,0.5201997276441217,136,22,361.33000000000004,RUNS_COMPLETED,broad_LOW_15.result.json,8,3,False,False,0,0,0,526,1,True,0,0,0,136
LOW,15,ASCENSION,VALLEY_OF_REMEMBRANCE,Jean,717,,,8,0,16,16,278.2800000000001,9014,10765,0,15,0.8105280776634028,70,22,300.2800000000001,RUNS_COMPLETED,broad_LOW_15.result.json,8,3,True,False,0,0,0,0,1,True,0,0,0,70
LOW,15,ASCENSION,VALLEY_OF_REMEMBRANCE,Jean,925,,,8,0,16,15,272.08000000000004,7842,9000,0,20,0.8686919407481798,56,22,294.08000000000004,RUNS_COMPLETED,broad_LOW_15.result.json,8,3,True,False,0,0,0,0,1,True,0,0,0,56
LOW,15,EXP,MIDSUMMER_COURTYARD,Barbara,717,,,1,1,22,8,235.66000000000003,4321,15199,4,20,0,0,0,235.66000000000003,DEFEAT,broad_LOW_15.result.json,2,3,False,False,0,0,0,0,0,False,0,0,0,
LOW,15,EXP,MIDSUMMER_COURTYARD,Barbara,925,,,1,1,13,5,191.53,2803,14081,5,10,0,0,0,191.53,DEFEAT,broad_LOW_15.result.json,2,3,False,False,0,0,0,263,0,False,0,0,0,
LOW,15,EXP,MIDSUMMER_COURTYARD,Jean,717,,,2,1,17,7,239.21,3396,15608,5,7,0,0,0,239.21,DEFEAT,broad_LOW_15.result.json,3,3,False,False,0,0,0,263,0,False,0,0,0,
LOW,15,EXP,MIDSUMMER_COURTYARD,Jean,925,,,2,1,21,6,239.54,3618,15956,6,8,0,0,0,239.54,DEFEAT,broad_LOW_15.result.json,3,3,False,False,0,0,0,526,0,False,0,0,0,
LOW,25,TALENT,FORSAKEN_RIFT,Barbara,717,,,1,1,15,4,228.49,7157,27059,5,13,0,0,0,228.49,DEFEAT,broad_LOW_25.result.json,2,3,False,False,0,0,0,462,0,False,0,0,0,
LOW,25,TALENT,FORSAKEN_RIFT,Barbara,925,,,1,1,10,3,195.51999999999998,5488,25390,5,8,0,0,0,195.51999999999998,DEFEAT,broad_LOW_25.result.json,2,3,False,False,0,0,0,462,0,False,0,0,0,
LOW,25,TALENT,FORSAKEN_RIFT,Jean,717,,,3,1,22,7,316.40999999999997,10520,32806,6,5,0,0,0,316.40999999999997,DEFEAT,broad_LOW_25.result.json,4,3,False,False,0,0,0,924,0,False,0,0,0,
LOW,25,TALENT,FORSAKEN_RIFT,Jean,925,,,3,1,20,7,354.15,8981,31259,6,8,0,0,0,354.15,DEFEAT,broad_LOW_25.result.json,4,3,False,False,0,0,0,924,0,False,0,0,0,
LOW,25,ASCENSION,CECILIA_GARDEN,Barbara,717,,,3,1,17,11,287.08000000000004,8897,28652,5,15,0,0,0,287.08000000000004,DEFEAT,broad_LOW_25.result.json,4,3,False,False,0,0,0,462,0,False,0,0,0,
LOW,25,ASCENSION,CECILIA_GARDEN,Barbara,925,,,3,1,24,11,315.81,14914,34113,4,19,0,0,0,315.81,DEFEAT,broad_LOW_25.result.json,4,3,False,False,0,0,0,0,0,False,0,0,0,
LOW,25,ASCENSION,CECILIA_GARDEN,Jean,717,,,6,1,33,10,390.25,17223,39378,7,16,0,0,0,390.25,DEFEAT,broad_LOW_25.result.json,7,3,False,False,0,0,0,1386,0,False,0,0,0,
LOW,25,ASCENSION,CECILIA_GARDEN,Jean,925,,,7,1,32,12,425.59,17964,41266,9,16,0,0,0,425.59,DEFEAT,broad_LOW_25.result.json,8,3,False,False,0,0,0,2310,0,False,0,0,0,
LOW,25,EXP,PEAK_OF_VINDAGNYR,Barbara,717,,,2,1,20,6,288.38,9930,30053,6,11,0,0,0,288.38,DEFEAT,broad_LOW_25.result.json,3,3,False,False,0,0,0,924,0,False,0,0,0,
LOW,25,EXP,PEAK_OF_VINDAGNYR,Barbara,925,,,1,1,20,7,242.78,7868,27529,5,21,0,0,0,242.78,DEFEAT,broad_LOW_25.result.json,2,3,False,False,0,0,0,462,0,False,0,0,0,
LOW,25,EXP,PEAK_OF_VINDAGNYR,Jean,717,,,3,1,27,8,342.72,11154,33329,6,8,0,0,0,342.72,DEFEAT,broad_LOW_25.result.json,4,3,False,False,0,0,0,924,0,False,0,0,0,
LOW,25,EXP,PEAK_OF_VINDAGNYR,Jean,925,,,3,1,29,9,331.15999999999997,10824,33240,6,9,0,0,0,331.15999999999997,DEFEAT,broad_LOW_25.result.json,4,3,False,False,0,0,0,924,0,False,0,0,0,
LOW,30,TALENT,TAISHAN_MANSION,Barbara,717,,,8,0,16,16,254.97000000000003,15616,14695,0,10,0.9645669291338582,32,72,326.97,RUNS_COMPLETED,broad_LOW_30.result.json,8,6,True,False,4,0,0,0,1,True,1,1,0,32
LOW,30,TALENT,TAISHAN_MANSION,Barbara,925,,,8,0,16,16,258.30000000000007,14861,13587,0,10,0.9972906612479892,118,115.28,373.58000000000004,RUNS_COMPLETED,broad_LOW_30.result.json,8,6,True,False,1,0,0,0,1,True,1,1,0,118
LOW,30,TALENT,TAISHAN_MANSION,Jean,717,,,8,0,16,12,214.89000000000001,13040,10696,0,33,1,0,0,214.89000000000001,RUNS_COMPLETED,broad_LOW_30.result.json,8,6,True,False,2,0,0,0,0,True,0,0,0,0
LOW,30,TALENT,TAISHAN_MANSION,Jean,925,,,8,0,16,9,208.23999999999998,14017,13231,0,31,0.9515863599831604,56,30,238.23999999999998,RUNS_COMPLETED,broad_LOW_30.result.json,8,6,True,False,0,0,0,0,1,True,0,0,0,56
LOW,30,ASCENSION,LIANSHAN_FORMULA,Barbara,717,,,8,0,16,16,256.08000000000004,16318,14933,0,7,0.9966133265599865,26,26,282.08000000000004,RUNS_COMPLETED,broad_LOW_30.result.json,8,6,True,False,0,0,0,0,1,True,0,0,0,26
LOW,30,ASCENSION,LIANSHAN_FORMULA,Barbara,925,,,8,0,16,16,261.63,16959,15181,0,7,0.978748624163915,37,26,287.63,RUNS_COMPLETED,broad_LOW_30.result.json,8,6,True,False,0,0,0,0,1,True,0,0,0,37
LOW,30,ASCENSION,LIANSHAN_FORMULA,Jean,717,,,8,0,16,9,208.24,15885,14644,0,29,0.9720616939033258,41,26,234.24,RUNS_COMPLETED,broad_LOW_30.result.json,8,6,True,False,0,0,0,0,1,True,0,0,0,41
LOW,30,ASCENSION,LIANSHAN_FORMULA,Jean,925,,,8,0,15,12,209.34,14293,13312,0,32,0.9590493321596694,51,26,235.34,RUNS_COMPLETED,broad_LOW_30.result.json,8,6,True,False,1,0,0,0,1,True,0,0,0,51
LOW,30,EXP,RIDGE_WATCH,Barbara,717,,,8,0,16,16,307.14000000000004,24277,24817,0,6,0.9187198374396749,60,26,333.14000000000004,RUNS_COMPLETED,broad_LOW_30.result.json,8,6,True,False,0,0,0,0,1,True,0,0,0,60
LOW,30,EXP,RIDGE_WATCH,Barbara,925,,,8,0,16,16,308.25000000000006,23800,23246,0,3,0.9529252391838117,44,26,334.25000000000006,RUNS_COMPLETED,broad_LOW_30.result.json,8,6,True,False,0,0,0,0,1,True,0,0,0,44
LOW,30,EXP,RIDGE_WATCH,Jean,717,,,8,0,16,14,250.34000000000003,21681,21236,0,19,0.9497493206781736,49,26,276.34000000000003,RUNS_COMPLETED,broad_LOW_30.result.json,8,6,True,False,0,0,0,0,1,True,0,0,0,49
LOW,30,EXP,RIDGE_WATCH,Jean,925,,,8,0,16,13,253.15000000000003,19482,20336,0,22,0.9307665811933101,56,26,279.15000000000003,RUNS_COMPLETED,broad_LOW_30.result.json,8,6,True,False,0,0,0,0,1,True,0,0,0,56
LOW,40,TALENT,TAISHAN_MANSION,Barbara,717,,,8,0,16,16,307.14000000000004,31795,30573,0,3,0.9465837147477184,47,74.22,381.36,RUNS_COMPLETED,broad_LOW_40.result.json,8,6,True,False,0,0,0,0,1,True,1,1,0,47
LOW,40,TALENT,TAISHAN_MANSION,Barbara,925,,,8,0,16,16,299.37,34077,32257,0,2,0.9505577328911667,86,92.75999999999999,392.13,RUNS_COMPLETED,broad_LOW_40.result.json,8,6,True,False,0,0,0,0,1,True,1,1,0,86
LOW,40,TALENT,TAISHAN_MANSION,Jean,717,,,8,0,8,8,184.28,25502,22152,0,30,0.9933030258591191,30,30,214.28,RUNS_COMPLETED,broad_LOW_40.result.json,8,6,True,False,2,0,0,0,1,True,0,0,0,30
LOW,40,TALENT,TAISHAN_MANSION,Jean,925,,,8,0,8,8,183.17000000000002,23437,20003,0,33,0.9953561128220169,28,30,213.17000000000002,RUNS_COMPLETED,broad_LOW_40.result.json,8,6,True,False,4,0,0,0,1,True,0,0,0,28
LOW,40,ASCENSION,LIANSHAN_FORMULA,Barbara,717,,,8,0,16,16,245.10999999999999,16551,13365,0,9,1,0,0,245.10999999999999,RUNS_COMPLETED,broad_LOW_40.result.json,8,6,True,False,6,0,0,0,0,True,0,0,0,0
LOW,40,ASCENSION,LIANSHAN_FORMULA,Barbara,925,,,8,0,16,16,253.86000000000004,18269,16337,0,9,0.9908734617809083,0,36.26,290.12000000000006,RUNS_COMPLETED,broad_LOW_40.result.json,8,6,True,False,2,0,0,0,0,True,1,1,0,0
LOW,40,ASCENSION,LIANSHAN_FORMULA,Jean,717,,,8,0,8,8,152.08999999999997,15653,12072,0,31,1,0,0,152.08999999999997,RUNS_COMPLETED,broad_LOW_40.result.json,8,6,True,False,7,0,0,0,0,True,0,0,0,0
LOW,40,ASCENSION,LIANSHAN_FORMULA,Jean,925,,,8,0,8,8,153.2,14960,11742,0,40,0.9900767463459941,33,26,179.2,RUNS_COMPLETED,broad_LOW_40.result.json,8,6,True,False,7,0,0,0,1,True,0,0,0,33
LOW,40,EXP,ZHOU_FORMULA,Barbara,717,,,3,1,36,15,461.6700000000001,41284,78822,6,22,0,0,0,461.6700000000001,DEFEAT,broad_LOW_40.result.json,4,6,False,False,0,0,0,1730,0,False,0,0,0,
LOW,40,EXP,ZHOU_FORMULA,Barbara,925,,,3,1,41,13,428.18,42843,80607,6,33,0,0,0,428.18,DEFEAT,broad_LOW_40.result.json,4,6,False,False,0,0,0,1730,0,False,0,0,0,
LOW,40,EXP,ZHOU_FORMULA,Jean,717,,,5,1,43,17,497.75,41930,84915,7,14,0,0,0,497.75,DEFEAT,broad_LOW_40.result.json,6,6,False,False,0,0,0,2595,0,False,0,0,0,
LOW,40,EXP,ZHOU_FORMULA,Jean,925,,,6,1,55,15,561.1800000000001,53128,98367,9,15,0,0,0,561.1800000000001,DEFEAT,broad_LOW_40.result.json,7,6,False,False,0,0,0,4325,0,False,0,0,0,
LOW,60,TALENT,TAISHAN_MANSION,Barbara,717,,,8,0,24,19,358.32,47001,45547,0,8,0.9485249514094358,28,56.46,414.78,RUNS_COMPLETED,broad_LOW_60.result.json,8,6,True,False,0,0,0,0,1,True,1,1,0,28
LOW,60,TALENT,TAISHAN_MANSION,Barbara,925,,,8,0,24,16,341.55,50028,48823,0,6,0.9381754707404335,29,58.68,400.23,RUNS_COMPLETED,broad_LOW_60.result.json,8,6,True,False,0,0,0,0,1,True,1,1,0,29
LOW,60,TALENT,TAISHAN_MANSION,Jean,717,,,8,0,18,16,322.67999999999995,33671,27149,0,50,0.9887871385681541,40,30,352.67999999999995,RUNS_COMPLETED,broad_LOW_60.result.json,8,6,True,False,0,0,0,0,1,True,0,0,0,40
LOW,60,TALENT,TAISHAN_MANSION,Jean,925,,,8,0,19,16,323.78999999999996,33360,27295,0,51,0.9813190715492472,0,41.37,365.15999999999997,RUNS_COMPLETED,broad_LOW_60.result.json,8,6,True,False,1,0,0,0,0,True,1,1,0,0
LOW,60,ASCENSION,LIANSHAN_FORMULA,Barbara,717,,,8,0,23,16,288.27,45332,46824,0,7,0.9359842529432884,98,26,314.27,RUNS_COMPLETED,broad_LOW_60.result.json,8,6,True,False,0,0,0,0,1,True,0,0,0,98
LOW,60,ASCENSION,LIANSHAN_FORMULA,Barbara,925,,,8,0,23,16,282.72,48160,45111,0,6,0.9468289240749224,85,26,308.72,RUNS_COMPLETED,broad_LOW_60.result.json,8,6,True,False,0,0,0,0,1,True,0,0,0,85
LOW,60,ASCENSION,LIANSHAN_FORMULA,Jean,717,,,8,0,16,14,232.57999999999998,31053,25492,0,35,0.9806841782436053,0,30.71,263.28999999999996,RUNS_COMPLETED,broad_LOW_60.result.json,8,6,True,False,0,0,0,0,0,True,1,1,0,0
LOW,60,ASCENSION,LIANSHAN_FORMULA,Jean,925,,,8,0,16,15,249.88000000000005,36911,31883,0,31,0.9678464203854555,67,26,275.88000000000005,RUNS_COMPLETED,broad_LOW_60.result.json,8,6,True,False,0,0,0,0,1,True,0,0,0,67
LOW,60,EXP,LOST_VALLEY,Barbara,717,,,6,1,34,24,609.28,144016,227617,6,6,0,0,0,609.28,DEFEAT,broad_LOW_60.result.json,7,6,False,False,0,0,0,3826,0,False,0,0,0,
LOW,60,EXP,LOST_VALLEY,Barbara,925,,,4,1,25,16,460.90999999999997,99937,184540,6,10,0,0,0,460.90999999999997,DEFEAT,broad_LOW_60.result.json,5,6,False,False,0,0,0,3826,0,False,0,0,0,
LOW,60,EXP,LOST_VALLEY,Jean,717,,,7,1,39,15,528.44,129710,225727,7,23,0,0,0,528.44,DEFEAT,broad_LOW_60.result.json,8,6,False,False,0,0,0,5739,0,False,0,0,0,
LOW,60,EXP,LOST_VALLEY,Jean,925,,,8,0,26,19,428.85,126273,158600,1,15,0.638530491020026,491,50.49,479.34000000000003,RUNS_COMPLETED,broad_LOW_60.result.json,8,6,False,False,0,0,0,1913,1,True,1,1,0,491
BASELINE,50,TALENT,TAISHAN_MANSION,Jean,717,,,8,0,24,16,325.03,34891,29611,0,52,1,0,0,325.03,RUNS_COMPLETED,cause_Jean.result.json,8,6,True,True,8,0,0,0,0,True,0,0,0,0
BASELINE,50,TALENT,TAISHAN_MANSION,Jean,925,,,8,0,24,16,325.03,32773,27493,0,57,1,0,0,325.03,RUNS_COMPLETED,cause_Jean.result.json,8,6,True,True,8,0,0,0,0,True,0,0,0,0
BASELINE,50,ASCENSION,LIANSHAN_FORMULA,Jean,717,,,8,0,24,16,294.93,22705,17425,0,63,1,0,0,294.93,RUNS_COMPLETED,cause_Jean.result.json,8,6,True,True,8,0,0,0,0,True,0,0,0,0
BASELINE,50,ASCENSION,LIANSHAN_FORMULA,Jean,925,,,8,0,24,16,298.26,24418,19138,0,63,1,0,0,298.26,RUNS_COMPLETED,cause_Jean.result.json,8,6,True,True,8,0,0,0,0,True,0,0,0,0
BASELINE,60,TALENT,TAISHAN_MANSION,Jean,717,,,8,0,18,16,322.67999999999995,35165,27149,0,57,1,0,0,322.67999999999995,RUNS_COMPLETED,cause_Jean.result.json,8,6,True,True,8,0,0,0,0,True,0,0,0,0
BASELINE,60,TALENT,TAISHAN_MANSION,Jean,925,,,8,0,19,16,323.78999999999996,35498,27482,0,59,1,0,0,323.78999999999996,RUNS_COMPLETED,cause_Jean.result.json,8,6,True,True,8,0,0,0,0,True,0,0,0,0
BASELINE,60,ASCENSION,LIANSHAN_FORMULA,Jean,717,,,8,0,16,14,232.57999999999998,33690,25674,0,44,1,0,0,232.57999999999998,RUNS_COMPLETED,cause_Jean.result.json,8,6,True,True,8,0,0,0,0,True,0,0,0,0
BASELINE,60,ASCENSION,LIANSHAN_FORMULA,Jean,925,,,8,0,16,15,249.88000000000005,39899,31883,0,45,1,0,0,249.88000000000005,RUNS_COMPLETED,cause_Jean.result.json,8,6,True,True,8,0,0,0,0,True,0,0,0,0
BASELINE,50,TALENT,TAISHAN_MANSION,Sucrose,717,,,8,0,29,12,407.77,0,42267,5,0,0.28926266753217,685,30,437.77,RUNS_COMPLETED,cause_Sucrose.result.json,8,6,False,False,0,0,0,5040,1,True,0,0,0,685
BASELINE,50,TALENT,TAISHAN_MANSION,Sucrose,925,,,8,0,25,13,393.99,0,36870,5,0,0.39230211157356143,588,30,423.99,RUNS_COMPLETED,cause_Sucrose.result.json,8,6,False,False,0,0,0,5040,1,True,0,0,0,588
BASELINE,50,ASCENSION,LIANSHAN_FORMULA,Sucrose,717,,,8,0,24,14,352.46,0,31927,2,0,0.43856199167589444,547,52.46,404.91999999999996,RUNS_COMPLETED,cause_Sucrose.result.json,8,6,False,False,0,0,0,2520,1,True,1,1,0,547
BASELINE,50,ASCENSION,LIANSHAN_FORMULA,Sucrose,925,,,8,0,24,14,349.13,0,32012,4,0,0.4609950742678224,525,26,375.13,RUNS_COMPLETED,cause_Sucrose.result.json,8,6,False,False,0,0,0,3780,1,True,0,0,0,525
BASELINE,60,TALENT,TAISHAN_MANSION,Sucrose,717,,,8,0,17,15,371.98,0,41581,1,0,0.5013576025744167,583,30,401.98,RUNS_COMPLETED,cause_Sucrose.result.json,8,6,False,False,0,0,0,1913,1,True,0,0,0,583
BASELINE,60,TALENT,TAISHAN_MANSION,Sucrose,925,,,8,0,17,14,389.09,0,45575,2,0,0.4751986122284795,612,30,419.09,RUNS_COMPLETED,cause_Sucrose.result.json,8,6,False,False,0,0,0,3826,1,True,0,0,0,612
BASELINE,60,ASCENSION,LIANSHAN_FORMULA,Sucrose,717,,,8,0,16,16,326.01,0,42648,0,0,0.46389782783588096,636,46.26,372.27,RUNS_COMPLETED,cause_Sucrose.result.json,8,6,True,False,0,0,0,0,1,True,1,1,0,636
BASELINE,60,ASCENSION,LIANSHAN_FORMULA,Sucrose,925,,,8,0,16,16,322.68,0,40742,0,0,0.48785699919549474,597,26,348.68,RUNS_COMPLETED,cause_Sucrose.result.json,8,6,True,False,0,0,0,0,1,True,0,0,0,597
BASELINE,20,ASCENSION,CECILIA_GARDEN,Jean,717,6,2,8,0,26,24,405.51,19649,19039,0,67,0.9484233204935693,38,30,435.51,RUNS_COMPLETED,extra_BASELINE.result.json,8,6,True,False,0,0,0,0,1,True,0,0,0,38
BASELINE,20,ASCENSION,CECILIA_GARDEN,Jean,717,10,2,8,0,25,24,406.75000000000006,19293,18352,0,70,0.9740218088518281,29,30,436.75000000000006,RUNS_COMPLETED,extra_BASELINE.result.json,8,10,True,False,1,0,0,0,1,True,0,0,0,29
BASELINE,20,ASCENSION,CECILIA_GARDEN,Jean,925,6,2,8,0,26,24,402.18,22805,23138,0,62,0.9097081673957041,53,30,432.18,RUNS_COMPLETED,extra_BASELINE.result.json,8,6,True,False,0,0,0,0,1,True,0,0,0,53
BASELINE,20,ASCENSION,CECILIA_GARDEN,Jean,925,10,2,8,0,27,25,410.86,15837,15054,0,72,0.9817190506735086,26,77.55,488.41,RUNS_COMPLETED,extra_BASELINE.result.json,8,10,True,False,2,0,0,0,1,True,1,1,0,26
BASELINE,20,EXP,PEAK_OF_VINDAGNYR,Jean,717,6,2,4,1,40,20,476.2299999999999,35736,50864,5,14,0,0,0,476.2299999999999,DEFEAT,extra_BASELINE.result.json,5,6,False,False,0,0,0,336,0,False,0,0,0,
BASELINE,20,EXP,PEAK_OF_VINDAGNYR,Jean,717,10,2,8,0,56,22,676.03,64218,74259,7,30,0.45368826170622195,219,102.66,778.6899999999999,RUNS_COMPLETED,extra_BASELINE.result.json,8,10,False,False,0,0,0,2058,1,True,1,1,0,219
BASELINE,20,EXP,PEAK_OF_VINDAGNYR,Jean,925,6,2,4,1,40,17,454.03999999999996,32322,48136,6,15,0,0,0,454.03999999999996,DEFEAT,extra_BASELINE.result.json,5,6,False,False,0,0,0,672,0,False,0,0,0,
BASELINE,20,EXP,PEAK_OF_VINDAGNYR,Jean,925,10,2,8,0,57,23,674.59,57667,70108,8,39,0.3111610006414368,267,133.28,807.87,RUNS_COMPLETED,extra_BASELINE.result.json,8,10,False,False,0,0,0,2058,1,True,1,1,0,267
JEAN_Q020_F003,20,TALENT,FORSAKEN_RIFT,Jean,717,6,2,1,1,10,6,219.93,1810,17127,4,2,0,0,0,219.93,DEFEAT,extra_JEAN_Q020_F003.result.json,2,6,False,False,0,0,0,0,0,False,0,0,0,
JEAN_Q020_F003,20,TALENT,FORSAKEN_RIFT,Jean,717,10,2,1,1,10,4,217.39,2103,18036,5,2,0,0,0,217.39,DEFEAT,extra_JEAN_Q020_F003.result.json,2,10,False,False,0,0,0,343,0,False,0,0,0,
JEAN_Q020_F003,20,TALENT,FORSAKEN_RIFT,Jean,925,6,2,1,1,11,6,227.83,1949,17255,4,3,0,0,0,227.83,DEFEAT,extra_JEAN_Q020_F003.result.json,2,6,False,False,0,0,0,0,0,False,0,0,0,
JEAN_Q020_F003,20,TALENT,FORSAKEN_RIFT,Jean,925,10,2,1,1,12,6,241.15,2572,18146,4,5,0,0,0,241.15,DEFEAT,extra_JEAN_Q020_F003.result.json,2,10,False,False,0,0,0,0,0,False,0,0,0,
JEAN_Q020_F003,20,ASCENSION,CECILIA_GARDEN,Jean,717,6,2,8,0,42,18,420.09,8843,23958,6,20,0.0895083893712868,0,86.03999999999999,506.13,RUNS_COMPLETED,extra_JEAN_Q020_F003.result.json,8,6,False,False,0,0,0,1344,0,False,1,0,1,
JEAN_Q020_F003,20,ASCENSION,CECILIA_GARDEN,Jean,717,10,2,8,0,44,17,409.58000000000004,9438,22206,6,24,0.2330339961513791,279,30,439.58000000000004,RUNS_COMPLETED,extra_JEAN_Q020_F003.result.json,8,10,False,False,0,0,0,1372,1,True,0,0,0,279
JEAN_Q020_F003,20,ASCENSION,CECILIA_GARDEN,Jean,925,6,2,8,0,48,21,422.29999999999995,10874,25893,5,13,0.06241431089638963,322,30,452.29999999999995,RUNS_COMPLETED,extra_JEAN_Q020_F003.result.json,8,6,False,False,0,0,0,1008,1,True,0,0,0,322
JEAN_Q020_F003,20,ASCENSION,CECILIA_GARDEN,Jean,925,10,2,8,0,35,23,406.95,8410,18999,3,36,0.3384862091084028,247,30,436.95,RUNS_COMPLETED,extra_JEAN_Q020_F003.result.json,8,10,False,False,0,0,0,686,1,True,0,0,0,247
JEAN_Q020_F003,20,EXP,PEAK_OF_VINDAGNYR,Jean,717,6,2,1,1,13,6,212.29000000000002,2333,17475,4,4,0,0,0,212.29000000000002,DEFEAT,extra_JEAN_Q020_F003.result.json,2,6,False,False,0,0,0,0,0,False,0,0,0,
JEAN_Q020_F003,20,EXP,PEAK_OF_VINDAGNYR,Jean,717,10,2,1,1,13,5,210.4,2802,18214,4,4,0,0,0,210.4,DEFEAT,extra_JEAN_Q020_F003.result.json,2,10,False,False,0,0,0,0,0,False,0,0,0,
JEAN_Q020_F003,20,EXP,PEAK_OF_VINDAGNYR,Jean,925,6,2,2,1,19,6,252.86,3586,19575,6,5,0,0,0,252.86,DEFEAT,extra_JEAN_Q020_F003.result.json,3,6,False,False,0,0,0,672,0,False,0,0,0,
JEAN_Q020_F003,20,EXP,PEAK_OF_VINDAGNYR,Jean,925,10,2,2,1,18,6,250.64,2729,18662,5,9,0,0,0,250.64,DEFEAT,extra_JEAN_Q020_F003.result.json,3,10,False,False,0,0,0,343,0,False,0,0,0,
JEAN_Q020_F003,50,TALENT,TAISHAN_MANSION,Jean,717,,,8,0,24,16,326.13999999999993,31473,28476,0,43,0.9812169180480197,56,43.6,369.73999999999995,RUNS_COMPLETED,extra_JEAN_Q020_F003.result.json,8,6,True,False,0,0,0,0,1,True,1,1,0,56
JEAN_Q020_F003,50,TALENT,TAISHAN_MANSION,Jean,925,,,8,0,24,16,325.03,30443,27402,0,43,0.9677103555843165,59,30,355.03,RUNS_COMPLETED,extra_JEAN_Q020_F003.result.json,8,6,True,False,0,0,0,0,1,True,0,0,0,59
JEAN_Q020_F003,50,ASCENSION,LIANSHAN_FORMULA,Jean,717,,,8,0,24,16,294.93,21335,17461,0,53,0.9919524781389484,34,38.49,333.42,RUNS_COMPLETED,extra_JEAN_Q020_F003.result.json,8,6,True,False,0,0,0,0,1,True,1,1,0,34
JEAN_Q020_F003,50,ASCENSION,LIANSHAN_FORMULA,Jean,925,,,8,0,24,16,298.26,23257,19242,0,52,1,0,0,298.26,RUNS_COMPLETED,extra_JEAN_Q020_F003.result.json,8,6,True,False,1,0,0,0,0,True,0,0,0,0
JEAN_Q020_F003,60,TALENT,TAISHAN_MANSION,Jean,717,,,8,0,18,16,322.67999999999995,31990,27203,0,49,0.9805442864982944,51,30,352.67999999999995,RUNS_COMPLETED,extra_JEAN_Q020_F003.result.json,8,6,True,False,0,0,0,0,1,True,0,0,0,51
JEAN_Q020_F003,60,TALENT,TAISHAN_MANSION,Jean,925,,,8,0,19,16,323.78999999999996,32011,27666,0,48,0.9730762194793875,0,41.37,365.15999999999997,RUNS_COMPLETED,extra_JEAN_Q020_F003.result.json,8,6,True,False,0,0,0,0,0,True,1,1,0,0
JEAN_Q020_F003,60,ASCENSION,LIANSHAN_FORMULA,Jean,717,,,8,0,16,14,232.57999999999998,29149,25492,0,32,0.9684382700771557,0,30.71,263.28999999999996,RUNS_COMPLETED,extra_JEAN_Q020_F003.result.json,8,6,True,False,0,0,0,0,0,True,1,1,0,0
JEAN_Q020_F003,60,ASCENSION,LIANSHAN_FORMULA,Jean,925,,,8,0,16,15,249.88000000000005,34921,31883,0,29,0.9515974561224161,89,26,275.88000000000005,RUNS_COMPLETED,extra_JEAN_Q020_F003.result.json,8,6,True,False,0,0,0,0,1,True,0,0,0,89
JEAN_Q030_F004,20,TALENT,FORSAKEN_RIFT,Jean,717,6,2,1,1,10,6,219.93,2352,17669,4,2,0,0,0,219.93,DEFEAT,extra_JEAN_Q030_F004.result.json,2,6,False,False,0,0,0,0,0,False,0,0,0,
JEAN_Q030_F004,20,TALENT,FORSAKEN_RIFT,Jean,717,10,2,1,1,9,4,207.4,2822,18755,5,2,0,0,0,207.4,DEFEAT,extra_JEAN_Q030_F004.result.json,2,10,False,False,0,0,0,343,0,False,0,0,0,
JEAN_Q030_F004,20,TALENT,FORSAKEN_RIFT,Jean,925,6,2,2,1,13,7,258.08000000000004,4745,20367,5,5,0,0,0,258.08000000000004,DEFEAT,extra_JEAN_Q030_F004.result.json,3,6,False,False,0,0,0,336,0,False,0,0,0,
JEAN_Q030_F004,20,TALENT,FORSAKEN_RIFT,Jean,925,10,2,2,1,14,7,256.97,3499,19398,5,5,0,0,0,256.97,DEFEAT,extra_JEAN_Q030_F004.result.json,3,10,False,False,0,0,0,343,0,False,0,0,0,
JEAN_Q030_F004,20,ASCENSION,CECILIA_GARDEN,Jean,717,6,2,8,0,26,20,407.09,10630,16928,2,33,0.5984200561467651,160,30,437.09,RUNS_COMPLETED,extra_JEAN_Q030_F004.result.json,8,6,False,False,0,0,0,672,1,True,0,0,0,160
JEAN_Q030_F004,20,ASCENSION,CECILIA_GARDEN,Jean,717,10,2,8,0,27,22,403.23,10267,16732,2,36,0.550481077613855,178,30,433.23,RUNS_COMPLETED,extra_JEAN_Q030_F004.result.json,8,10,False,False,0,0,0,343,1,True,0,0,0,178
JEAN_Q030_F004,20,ASCENSION,CECILIA_GARDEN,Jean,925,6,2,7,1,42,18,450.25,11110,26735,7,26,0,0,0,450.25,DEFEAT,extra_JEAN_Q030_F004.result.json,8,6,False,False,0,0,0,1008,0,False,0,0,0,
JEAN_Q030_F004,20,ASCENSION,CECILIA_GARDEN,Jean,925,10,2,8,0,34,22,406.3,11817,19260,3,42,0.5223220012828736,187,30,436.3,RUNS_COMPLETED,extra_JEAN_Q030_F004.result.json,8,10,False,False,0,0,0,686,1,True,0,0,0,187
JEAN_Q030_F004,20,EXP,PEAK_OF_VINDAGNYR,Jean,717,6,2,1,1,13,6,213.39999999999998,3202,18344,4,4,0,0,0,213.39999999999998,DEFEAT,extra_JEAN_Q030_F004.result.json,2,6,False,False,0,0,0,0,0,False,0,0,0,
JEAN_Q030_F004,20,EXP,PEAK_OF_VINDAGNYR,Jean,717,10,2,2,1,17,6,263.96,6004,21759,5,4,0,0,0,263.96,DEFEAT,extra_JEAN_Q030_F004.result.json,3,10,False,False,0,0,0,343,0,False,0,0,0,
JEAN_Q030_F004,20,EXP,PEAK_OF_VINDAGNYR,Jean,925,6,2,2,1,16,7,257.95000000000005,4348,20001,5,6,0,0,0,257.95000000000005,DEFEAT,extra_JEAN_Q030_F004.result.json,3,6,False,False,0,0,0,336,0,False,0,0,0,
JEAN_Q030_F004,20,EXP,PEAK_OF_VINDAGNYR,Jean,925,10,2,2,1,20,6,255.08,4740,20673,5,9,0,0,0,255.08,DEFEAT,extra_JEAN_Q030_F004.result.json,3,10,False,False,0,0,0,343,0,False,0,0,0,
JEAN_Q030_F004,50,TALENT,TAISHAN_MANSION,Jean,717,,,8,0,24,16,326.13999999999993,31661,28476,0,43,0.9835565068777274,54,43.6,369.73999999999995,RUNS_COMPLETED,extra_JEAN_Q030_F004.result.json,8,6,True,False,0,0,0,0,1,True,1,1,0,54
JEAN_Q030_F004,50,TALENT,TAISHAN_MANSION,Jean,925,,,8,0,24,16,325.03,31435,27452,0,48,0.9817810742197223,43,30,355.03,RUNS_COMPLETED,extra_JEAN_Q030_F004.result.json,8,6,True,False,0,0,0,0,1,True,0,0,0,43
JEAN_Q030_F004,50,ASCENSION,LIANSHAN_FORMULA,Jean,717,,,8,0,24,16,294.93,21624,17461,0,56,0.9944082167687126,30,38.49,333.42,RUNS_COMPLETED,extra_JEAN_Q030_F004.result.json,8,6,True,False,0,0,0,0,1,True,1,1,0,30
JEAN_Q030_F004,50,ASCENSION,LIANSHAN_FORMULA,Jean,925,,,8,0,24,16,298.26,23536,19286,0,55,1,0,0,298.26,RUNS_COMPLETED,extra_JEAN_Q030_F004.result.json,8,6,True,False,1,0,0,0,0,True,0,0,0,0
JEAN_Q030_F004,60,TALENT,TAISHAN_MANSION,Jean,717,,,8,0,18,16,322.67999999999995,32298,27203,0,49,0.9822014656350547,48,30,352.67999999999995,RUNS_COMPLETED,extra_JEAN_Q030_F004.result.json,8,6,True,False,0,0,0,0,1,True,0,0,0,48
JEAN_Q030_F004,60,TALENT,TAISHAN_MANSION,Jean,925,,,8,0,19,16,323.78999999999996,32473,27666,0,48,0.9747333986161478,0,41.37,365.15999999999997,RUNS_COMPLETED,extra_JEAN_Q030_F004.result.json,8,6,True,False,0,0,0,0,0,True,1,1,0,0
JEAN_Q030_F004,60,ASCENSION,LIANSHAN_FORMULA,Jean,717,,,8,0,16,14,232.57999999999998,29531,25492,0,32,0.9708917560718398,0,30.71,263.28999999999996,RUNS_COMPLETED,extra_JEAN_Q030_F004.result.json,8,6,True,False,0,0,0,0,0,True,1,1,0,0
JEAN_Q030_F004,60,ASCENSION,LIANSHAN_FORMULA,Jean,925,,,8,0,16,15,249.88000000000005,35374,31883,0,29,0.9548472489750239,84,26,275.88000000000005,RUNS_COMPLETED,extra_JEAN_Q030_F004.result.json,8,6,True,False,0,0,0,0,1,True,0,0,0,84
BASELINE,20,TALENT,FORSAKEN_RIFT,Barbara,717,6,2,0,1,30,3,207.12,10962,25063,4,33,0,0,0,207.12,DEFEAT,highgear_BASELINE.result.json,1,6,False,False,0,0,0,0,0,False,0,0,0,
BASELINE,20,TALENT,FORSAKEN_RIFT,Barbara,717,10,2,0,1,17,3,178.26,7239,21609,4,17,0,0,0,178.26,DEFEAT,highgear_BASELINE.result.json,1,10,False,False,0,0,0,0,0,False,0,0,0,
BASELINE,20,TALENT,FORSAKEN_RIFT,Barbara,925,6,2,0,1,23,2,193.01999999999998,7263,21364,4,21,0,0,0,193.01999999999998,DEFEAT,highgear_BASELINE.result.json,1,6,False,False,0,0,0,0,0,False,0,0,0,
BASELINE,20,TALENT,FORSAKEN_RIFT,Barbara,925,10,2,1,1,10,4,192.97,4736,19449,5,3,0,0,0,192.97,DEFEAT,highgear_BASELINE.result.json,2,10,False,False,0,0,0,343,0,False,0,0,0,
BASELINE,20,TALENT,FORSAKEN_RIFT,Jean,717,6,2,2,1,16,7,295.69,12705,28183,5,9,0,0,0,295.69,DEFEAT,highgear_BASELINE.result.json,3,6,False,False,0,0,0,336,0,False,0,0,0,
BASELINE,20,TALENT,FORSAKEN_RIFT,Jean,717,10,2,3,1,22,9,363.34999999999997,20588,37029,7,11,0,0,0,363.34999999999997,DEFEAT,highgear_BASELINE.result.json,4,10,False,False,0,0,0,1029,0,False,0,0,0,
BASELINE,20,TALENT,FORSAKEN_RIFT,Jean,925,6,2,3,1,23,11,374.90000000000003,19452,34930,5,9,0,0,0,374.90000000000003,DEFEAT,highgear_BASELINE.result.json,4,6,False,False,0,0,0,336,0,False,0,0,0,
BASELINE,20,TALENT,FORSAKEN_RIFT,Jean,925,10,2,3,1,26,11,377.12,20113,35868,5,9,0,0,0,377.12,DEFEAT,highgear_BASELINE.result.json,4,10,False,False,0,0,0,343,0,False,0,0,0,
BASELINE,20,TALENT,FORSAKEN_RIFT,Sucrose,717,6,2,1,1,7,4,215.17000000000002,0,14242,5,0,0,0,0,215.17000000000002,DEFEAT,highgear_BASELINE.result.json,2,6,False,False,0,0,0,336,0,False,0,0,0,
BASELINE,20,TALENT,FORSAKEN_RIFT,Sucrose,717,10,2,1,1,7,5,208.18,0,14518,5,0,0,0,0,208.18,DEFEAT,highgear_BASELINE.result.json,2,10,False,False,0,0,0,343,0,False,0,0,0,
BASELINE,20,TALENT,FORSAKEN_RIFT,Sucrose,925,6,2,1,1,6,5,214.83999999999997,0,14242,5,0,0,0,0,214.83999999999997,DEFEAT,highgear_BASELINE.result.json,2,6,False,False,0,0,0,336,0,False,0,0,0,
BASELINE,20,TALENT,FORSAKEN_RIFT,Sucrose,925,10,2,1,1,7,5,222.61,0,14518,5,0,0,0,0,222.61,DEFEAT,highgear_BASELINE.result.json,2,10,False,False,0,0,0,343,0,False,0,0,0,
BASELINE,50,TALENT,TAISHAN_MANSION,Barbara,717,10,5,8,0,24,23,374.76,49386,48647,0,14,0.9387755102040817,74,62.010000000000005,436.77,RUNS_COMPLETED,highgear_BASELINE.result.json,8,10,True,False,0,0,0,0,1,True,1,1,0,74
BASELINE,50,TALENT,TAISHAN_MANSION,Barbara,925,10,5,8,0,24,22,366.2099999999999,52882,49991,0,14,0.9671938308717815,58,52.480000000000004,418.68999999999994,RUNS_COMPLETED,highgear_BASELINE.result.json,8,10,True,False,0,0,0,0,1,True,1,1,0,58
BASELINE,50,TALENT,TAISHAN_MANSION,Jean,717,10,5,8,0,24,16,325.03,33963,28651,0,50,1,0,0,325.03,RUNS_COMPLETED,highgear_BASELINE.result.json,8,10,True,True,8,0,0,0,0,True,0,0,0,0
BASELINE,50,TALENT,TAISHAN_MANSION,Jean,925,10,5,8,0,24,16,325.03,32580,27268,0,57,1,0,0,325.03,RUNS_COMPLETED,highgear_BASELINE.result.json,8,10,True,True,8,0,0,0,0,True,0,0,0,0
BASELINE,50,ASCENSION,LIANSHAN_FORMULA,Barbara,717,10,5,8,0,24,20,326.91,41230,37303,0,13,0.9741397016263047,49,26,352.91,RUNS_COMPLETED,highgear_BASELINE.result.json,8,10,True,False,0,0,0,0,1,True,0,0,0,49
BASELINE,50,ASCENSION,LIANSHAN_FORMULA,Barbara,925,10,5,8,0,24,22,342.90000000000003,43327,39402,0,13,0.9935395933304704,31,26,368.90000000000003,RUNS_COMPLETED,highgear_BASELINE.result.json,8,10,True,False,0,0,0,0,1,True,0,0,0,31
BASELINE,50,ASCENSION,LIANSHAN_FORMULA,Jean,717,10,5,8,0,24,16,293.82,22654,17342,0,64,1,0,0,293.82,RUNS_COMPLETED,highgear_BASELINE.result.json,8,10,True,True,8,0,0,0,0,True,0,0,0,0
BASELINE,50,ASCENSION,LIANSHAN_FORMULA,Jean,925,10,5,8,0,24,16,298.26,24293,18981,0,63,1,0,0,298.26,RUNS_COMPLETED,highgear_BASELINE.result.json,8,10,True,True,8,0,0,0,0,True,0,0,0,0
BASELINE,50,EXP,DOMAIN_OF_GUYUN,Barbara,717,10,5,8,0,32,32,582.69,101961,102491,0,17,0.8961480292025319,123,22,604.69,RUNS_COMPLETED,highgear_BASELINE.result.json,8,10,True,False,0,0,0,0,1,True,0,0,0,123
BASELINE,50,EXP,DOMAIN_OF_GUYUN,Barbara,925,10,5,8,0,32,32,571.59,88108,87227,0,21,0.9296637227626641,93,22,593.59,RUNS_COMPLETED,highgear_BASELINE.result.json,8,10,True,False,0,0,0,0,1,True,0,0,0,93
BASELINE,50,EXP,DOMAIN_OF_GUYUN,Jean,717,10,5,8,0,32,29,512.64,83085,78483,0,49,0.9882965746876339,36,22,534.64,RUNS_COMPLETED,highgear_BASELINE.result.json,8,10,True,False,7,0,0,0,1,True,0,0,0,36
BASELINE,50,EXP,DOMAIN_OF_GUYUN,Jean,925,10,5,8,0,32,30,532.2900000000001,89048,83736,0,48,1,0,0,532.2900000000001,RUNS_COMPLETED,highgear_BASELINE.result.json,8,10,True,False,5,0,0,0,0,True,0,0,0,0
LOW,20,TALENT,FORSAKEN_RIFT,Barbara,717,6,2,0,1,10,3,167.16,2543,16644,4,6,0,0,0,167.16,DEFEAT,highgear_LOW.result.json,1,6,False,False,0,0,0,0,0,False,0,0,0,
LOW,20,TALENT,FORSAKEN_RIFT,Barbara,717,10,2,0,1,11,3,164.94,2762,17132,4,8,0,0,0,164.94,DEFEAT,highgear_LOW.result.json,1,10,False,False,0,0,0,0,0,False,0,0,0,
LOW,20,TALENT,FORSAKEN_RIFT,Barbara,925,6,2,0,1,17,2,179.7,3228,17329,4,18,0,0,0,179.7,DEFEAT,highgear_LOW.result.json,1,6,False,False,0,0,0,0,0,False,0,0,0,
LOW,20,TALENT,FORSAKEN_RIFT,Barbara,925,10,2,1,1,9,4,186.31,2756,17469,5,3,0,0,0,186.31,DEFEAT,highgear_LOW.result.json,2,10,False,False,0,0,0,343,0,False,0,0,0,
LOW,20,TALENT,FORSAKEN_RIFT,Jean,717,6,2,1,1,10,6,216.6,2550,17848,4,2,0,0,0,216.6,DEFEAT,highgear_LOW.result.json,2,6,False,False,0,0,0,0,0,False,0,0,0,
LOW,20,TALENT,FORSAKEN_RIFT,Jean,717,10,2,1,1,9,4,207.4,3422,19314,5,2,0,0,0,207.4,DEFEAT,highgear_LOW.result.json,2,10,False,False,0,0,0,343,0,False,0,0,0,
LOW,20,TALENT,FORSAKEN_RIFT,Jean,925,6,2,2,1,13,7,258.08000000000004,5353,20899,5,5,0,0,0,258.08000000000004,DEFEAT,highgear_LOW.result.json,3,6,False,False,0,0,0,336,0,False,0,0,0,
LOW,20,TALENT,FORSAKEN_RIFT,Jean,925,10,2,2,1,17,7,261.41,5257,21076,5,4,0,0,0,261.41,DEFEAT,highgear_LOW.result.json,3,10,False,False,0,0,0,343,0,False,0,0,0,
LOW,20,TALENT,FORSAKEN_RIFT,Sucrose,717,6,2,1,1,7,4,215.17000000000002,0,14242,5,0,0,0,0,215.17000000000002,DEFEAT,highgear_LOW.result.json,2,6,False,False,0,0,0,336,0,False,0,0,0,
LOW,20,TALENT,FORSAKEN_RIFT,Sucrose,717,10,2,1,1,7,5,208.18,0,14518,5,0,0,0,0,208.18,DEFEAT,highgear_LOW.result.json,2,10,False,False,0,0,0,343,0,False,0,0,0,
LOW,20,TALENT,FORSAKEN_RIFT,Sucrose,925,6,2,1,1,6,5,214.83999999999997,0,14242,5,0,0,0,0,214.83999999999997,DEFEAT,highgear_LOW.result.json,2,6,False,False,0,0,0,336,0,False,0,0,0,
LOW,20,TALENT,FORSAKEN_RIFT,Sucrose,925,10,2,1,1,7,5,222.61,0,14518,5,0,0,0,0,222.61,DEFEAT,highgear_LOW.result.json,2,10,False,False,0,0,0,343,0,False,0,0,0,
LOW,50,TALENT,TAISHAN_MANSION,Barbara,717,10,5,8,0,24,23,374.76,47916,49137,0,13,0.9190955430662658,74,62.010000000000005,436.77,RUNS_COMPLETED,highgear_LOW.result.json,8,10,True,False,0,0,0,0,1,True,1,1,0,74
LOW,50,TALENT,TAISHAN_MANSION,Barbara,925,10,5,8,0,24,22,366.2099999999999,51347,50114,0,13,0.9459454413055249,58,52.480000000000004,418.68999999999994,RUNS_COMPLETED,highgear_LOW.result.json,8,10,True,False,0,0,0,0,1,True,1,1,0,58
LOW,50,TALENT,TAISHAN_MANSION,Jean,717,10,5,8,0,24,16,326.13999999999993,31781,27668,0,44,0.9932416839745491,43,43.6,369.73999999999995,RUNS_COMPLETED,highgear_LOW.result.json,8,10,True,False,1,0,0,0,1,True,1,1,0,43
LOW,50,TALENT,TAISHAN_MANSION,Jean,925,10,5,8,0,24,16,325.03,32052,27391,0,50,0.9892691128473939,35,30,355.03,RUNS_COMPLETED,highgear_LOW.result.json,8,10,True,False,0,0,0,0,1,True,0,0,0,35
LOW,50,ASCENSION,LIANSHAN_FORMULA,Barbara,717,10,5,8,0,24,20,326.91,40018,37551,0,13,0.9544597344884889,67,26,352.91,RUNS_COMPLETED,highgear_LOW.result.json,8,10,True,False,0,0,0,0,1,True,0,0,0,67
LOW,50,ASCENSION,LIANSHAN_FORMULA,Barbara,925,10,5,8,0,24,22,342.90000000000003,41624,39444,0,10,0.969173030602909,54,26,368.90000000000003,RUNS_COMPLETED,highgear_LOW.result.json,8,10,True,False,0,0,0,0,1,True,0,0,0,54
LOW,50,ASCENSION,LIANSHAN_FORMULA,Jean,717,10,5,8,0,24,16,294.93,22446,17378,0,58,1,0,0,294.93,RUNS_COMPLETED,highgear_LOW.result.json,8,10,True,False,1,0,0,0,0,True,0,0,0,0
LOW,50,ASCENSION,LIANSHAN_FORMULA,Jean,925,10,5,8,0,24,16,298.26,23893,18981,0,55,1,0,0,298.26,RUNS_COMPLETED,highgear_LOW.result.json,8,10,True,False,1,0,0,0,0,True,0,0,0,0
LOW,50,EXP,DOMAIN_OF_GUYUN,Barbara,717,10,5,8,0,35,25,572.9200000000001,74781,106629,4,27,0.41034785368859344,578,22,594.9200000000001,RUNS_COMPLETED,highgear_LOW.result.json,8,10,False,False,0,0,0,3807,1,True,0,0,0,578
LOW,50,EXP,DOMAIN_OF_GUYUN,Barbara,925,10,5,8,0,32,32,571.59,85054,88183,0,14,0.8824430046492522,134,22,593.59,RUNS_COMPLETED,highgear_LOW.result.json,8,10,True,False,0,0,0,0,1,True,0,0,0,134
LOW,50,EXP,DOMAIN_OF_GUYUN,Jean,717,10,5,8,0,32,29,512.64,70845,78496,0,33,0.8287838327893713,208,22,534.64,RUNS_COMPLETED,highgear_LOW.result.json,8,10,True,False,0,0,0,0,1,True,0,0,0,208
LOW,50,EXP,DOMAIN_OF_GUYUN,Jean,925,10,5,8,0,32,30,532.2900000000001,75498,84702,0,23,0.8103880262420466,220,22,554.2900000000001,RUNS_COMPLETED,highgear_LOW.result.json,8,10,True,False,0,0,0,0,1,True,0,0,0,220
JEAN_LATE_Q010_F002,50,TALENT,TAISHAN_MANSION,Jean,717,,,8,0,24,16,326.13999999999993,23661,28760,0,29,0.8818258748568869,166,43.6,369.73999999999995,RUNS_COMPLETED,last_JEAN_LATE_Q010_F002.result.json,8,6,True,False,0,0,0,0,1,True,1,1,0,166
JEAN_LATE_Q010_F002,50,TALENT,TAISHAN_MANSION,Jean,925,,,8,0,24,16,325.03,22171,27665,0,31,0.8453548376391723,188,30,355.03,RUNS_COMPLETED,last_JEAN_LATE_Q010_F002.result.json,8,6,True,False,0,0,0,0,1,True,0,0,0,188
JEAN_LATE_Q010_F002,50,ASCENSION,LIANSHAN_FORMULA,Jean,717,,,8,0,24,16,294.93,19639,17575,0,42,0.9664161149551164,61,38.49,333.42,RUNS_COMPLETED,last_JEAN_LATE_Q010_F002.result.json,8,6,True,False,0,0,0,0,1,True,1,1,0,61
JEAN_LATE_Q010_F002,50,ASCENSION,LIANSHAN_FORMULA,Jean,925,,,8,0,24,16,299.37,20563,19183,0,40,0.9575721373222493,68,26,325.37,RUNS_COMPLETED,last_JEAN_LATE_Q010_F002.result.json,8,6,True,False,0,0,0,0,1,True,0,0,0,68
JEAN_LATE_Q010_F002,60,TALENT,TAISHAN_MANSION,Jean,717,,,8,0,18,16,323.78999999999996,30878,27203,0,42,0.9714190403426272,62,30,353.78999999999996,RUNS_COMPLETED,last_JEAN_LATE_Q010_F002.result.json,8,6,True,False,0,0,0,0,1,True,0,0,0,62
JEAN_LATE_Q010_F002,60,TALENT,TAISHAN_MANSION,Jean,925,,,8,0,19,16,323.78999999999996,29183,27666,0,43,0.9459587426960367,73,52.480000000000004,376.27,RUNS_COMPLETED,last_JEAN_LATE_Q010_F002.result.json,8,6,True,False,0,0,0,0,1,True,1,1,0,73
JEAN_LATE_Q010_F002,60,ASCENSION,LIANSHAN_FORMULA,Jean,717,,,8,0,16,14,232.57999999999998,28463,25310,0,25,0.9646719538572458,34,40.71,273.28999999999996,RUNS_COMPLETED,last_JEAN_LATE_Q010_F002.result.json,8,6,True,False,0,0,0,0,1,True,1,1,0,34
JEAN_LATE_Q010_F002,60,ASCENSION,LIANSHAN_FORMULA,Jean,925,,,8,0,16,15,249.88000000000005,31889,31883,0,28,0.920606054084301,130,26,275.88000000000005,RUNS_COMPLETED,last_JEAN_LATE_Q010_F002.result.json,8,6,True,False,0,0,0,0,1,True,0,0,0,130
BASELINE,20,TALENT,FORSAKEN_RIFT,Barbara,717,,,0,1,9,2,156.39,3490,17391,4,5,0,0,0,156.39,DEFEAT,pilot_BASELINE_20.result.json,1,3,False,False,0,0,0,0,0,False,0,0,0,
BASELINE,20,TALENT,FORSAKEN_RIFT,Barbara,925,,,0,1,15,2,177.48000000000002,5336,19237,4,15,0,0,0,177.48000000000002,DEFEAT,pilot_BASELINE_20.result.json,1,3,False,False,0,0,0,0,0,False,0,0,0,
BASELINE,20,TALENT,FORSAKEN_RIFT,Jean,717,,,2,1,16,8,314.23,16175,31446,5,9,0,0,0,314.23,DEFEAT,pilot_BASELINE_20.result.json,3,3,False,False,0,0,0,331,0,False,0,0,0,
BASELINE,20,TALENT,FORSAKEN_RIFT,Jean,925,,,2,1,17,6,308.36,16297,31568,5,7,0,0,0,308.36,DEFEAT,pilot_BASELINE_20.result.json,3,3,False,False,0,0,0,331,0,False,0,0,0,
BASELINE,20,TALENT,FORSAKEN_RIFT,Sucrose,717,,,1,1,6,4,201.85,0,14038,5,0,0,0,0,201.85,DEFEAT,pilot_BASELINE_20.result.json,2,3,False,False,0,0,0,331,0,False,0,0,0,
BASELINE,20,TALENT,FORSAKEN_RIFT,Sucrose,925,,,1,1,6,5,197.08,0,14038,5,0,0,0,0,197.08,DEFEAT,pilot_BASELINE_20.result.json,2,3,False,False,0,0,0,331,0,False,0,0,0,
BASELINE,20,ASCENSION,CECILIA_GARDEN,Barbara,717,,,8,0,40,35,617.2200000000001,25035,26164,0,24,0.8554060858931012,68,30,647.2200000000001,RUNS_COMPLETED,pilot_BASELINE_20.result.json,8,3,True,False,0,0,0,0,1,True,0,0,0,68
BASELINE,20,ASCENSION,CECILIA_GARDEN,Barbara,925,,,8,0,39,38,635.1,26446,28722,0,36,0.7685058628875621,125,96.88,731.98,RUNS_COMPLETED,pilot_BASELINE_20.result.json,8,3,True,False,0,0,0,0,1,True,1,1,0,125
BASELINE,20,ASCENSION,CECILIA_GARDEN,Jean,717,,,8,0,30,26,455.90999999999997,21474,21663,0,64,0.9302587176602924,76,175.87,631.78,RUNS_COMPLETED,pilot_BASELINE_20.result.json,8,3,True,False,0,0,0,0,1,True,1,1,0,76
BASELINE,20,ASCENSION,CECILIA_GARDEN,Jean,925,,,8,0,30,26,449.38,21164,22428,0,68,0.8591279031297558,73,41.379999999999995,490.76,RUNS_COMPLETED,pilot_BASELINE_20.result.json,8,3,True,False,1,0,0,0,1,True,1,1,0,73
BASELINE,20,ASCENSION,CECILIA_GARDEN,Sucrose,717,,,4,1,23,12,376.15999999999997,0,14038,5,0,0,0,0,376.15999999999997,DEFEAT,pilot_BASELINE_20.result.json,5,3,False,False,0,0,0,331,0,False,0,0,0,
BASELINE,20,ASCENSION,CECILIA_GARDEN,Sucrose,925,,,3,1,20,8,311.51,0,14369,6,0,0,0,0,311.51,DEFEAT,pilot_BASELINE_20.result.json,4,3,False,False,0,0,0,662,0,False,0,0,0,
BASELINE,20,EXP,PEAK_OF_VINDAGNYR,Barbara,717,,,1,1,24,3,295.42,17271,31411,5,20,0,0,0,295.42,DEFEAT,pilot_BASELINE_20.result.json,2,3,False,False,0,0,0,331,0,False,0,0,0,
BASELINE,20,EXP,PEAK_OF_VINDAGNYR,Barbara,925,,,1,1,14,4,208.51,8816,23048,5,9,0,0,0,208.51,DEFEAT,pilot_BASELINE_20.result.json,2,3,False,False,0,0,0,331,0,False,0,0,0,
BASELINE,20,EXP,PEAK_OF_VINDAGNYR,Jean,717,,,3,1,38,8,394.76,28807,44740,7,16,0,0,0,394.76,DEFEAT,pilot_BASELINE_20.result.json,4,3,False,False,0,0,0,993,0,False,0,0,0,
BASELINE,20,EXP,PEAK_OF_VINDAGNYR,Jean,925,,,7,1,82,13,795.0199999999999,81959,99043,11,17,0,0,0,795.0199999999999,DEFEAT,pilot_BASELINE_20.result.json,8,3,False,False,0,0,0,2317,0,False,0,0,0,
BASELINE,20,EXP,PEAK_OF_VINDAGNYR,Sucrose,717,,,1,1,9,3,201.07,0,14038,5,0,0,0,0,201.07,DEFEAT,pilot_BASELINE_20.result.json,2,3,False,False,0,0,0,331,0,False,0,0,0,
BASELINE,20,EXP,PEAK_OF_VINDAGNYR,Sucrose,925,,,1,1,10,5,224.82999999999998,0,14038,5,0,0,0,0,224.82999999999998,DEFEAT,pilot_BASELINE_20.result.json,2,3,False,False,0,0,0,331,0,False,0,0,0,
BASELINE,50,TALENT,TAISHAN_MANSION,Barbara,717,,,8,0,24,23,375.87,51869,50110,0,12,0.9705511781409256,61,43.6,419.47,RUNS_COMPLETED,pilot_BASELINE_50.result.json,8,6,True,False,0,0,0,0,1,True,1,1,0,61
BASELINE,50,TALENT,TAISHAN_MANSION,Barbara,925,,,8,0,24,22,359.54999999999995,53354,51998,0,15,0.9482106925926622,92,83.75,443.29999999999995,RUNS_COMPLETED,pilot_BASELINE_50.result.json,8,6,True,False,0,0,0,0,1,True,1,1,0,92
BASELINE,50,TALENT,TAISHAN_MANSION,Jean,717,,,8,0,24,16,325.03,34891,29611,0,52,1,0,0,325.03,RUNS_COMPLETED,pilot_BASELINE_50.result.json,8,6,True,True,8,0,0,0,0,True,0,0,0,0
BASELINE,50,TALENT,TAISHAN_MANSION,Jean,925,,,8,0,24,16,325.03,32773,27493,0,57,1,0,0,325.03,RUNS_COMPLETED,pilot_BASELINE_50.result.json,8,6,True,True,8,0,0,0,0,True,0,0,0,0
BASELINE,50,TALENT,TAISHAN_MANSION,Sucrose,717,,,8,0,29,12,407.77,0,42267,5,0,0.28926266753217,685,30,437.77,RUNS_COMPLETED,pilot_BASELINE_50.result.json,8,6,False,False,0,0,0,5040,1,True,0,0,0,685
BASELINE,50,TALENT,TAISHAN_MANSION,Sucrose,925,,,8,0,25,13,393.99,0,36870,5,0,0.39230211157356143,588,30,423.99,RUNS_COMPLETED,pilot_BASELINE_50.result.json,8,6,False,False,0,0,0,5040,1,True,0,0,0,588
BASELINE,50,ASCENSION,LIANSHAN_FORMULA,Barbara,717,,,8,0,24,24,347.79,41701,38441,0,21,0.9732215055381086,50,26,373.79,RUNS_COMPLETED,pilot_BASELINE_50.result.json,8,6,True,False,0,0,0,0,1,True,0,0,0,50
BASELINE,50,ASCENSION,LIANSHAN_FORMULA,Barbara,925,,,8,0,24,22,342.90000000000003,43579,39739,0,13,0.9929104688117043,32,26,368.90000000000003,RUNS_COMPLETED,pilot_BASELINE_50.result.json,8,6,True,False,0,0,0,0,1,True,0,0,0,32
BASELINE,50,ASCENSION,LIANSHAN_FORMULA,Jean,717,,,8,0,24,16,294.93,22705,17425,0,63,1,0,0,294.93,RUNS_COMPLETED,pilot_BASELINE_50.result.json,8,6,True,True,8,0,0,0,0,True,0,0,0,0
BASELINE,50,ASCENSION,LIANSHAN_FORMULA,Jean,925,,,8,0,24,16,298.26,24418,19138,0,63,1,0,0,298.26,RUNS_COMPLETED,pilot_BASELINE_50.result.json,8,6,True,True,8,0,0,0,0,True,0,0,0,0
BASELINE,50,ASCENSION,LIANSHAN_FORMULA,Sucrose,717,,,8,0,24,14,352.46,0,31927,2,0,0.43856199167589444,547,52.46,404.91999999999996,RUNS_COMPLETED,pilot_BASELINE_50.result.json,8,6,False,False,0,0,0,2520,1,True,1,1,0,547
BASELINE,50,ASCENSION,LIANSHAN_FORMULA,Sucrose,925,,,8,0,24,14,349.13,0,32012,4,0,0.4609950742678224,525,26,375.13,RUNS_COMPLETED,pilot_BASELINE_50.result.json,8,6,False,False,0,0,0,3780,1,True,0,0,0,525
BASELINE,50,EXP,DOMAIN_OF_GUYUN,Barbara,717,,,8,0,33,32,584.9100000000001,98063,99979,0,20,0.8781428061003818,140,22,606.9100000000001,RUNS_COMPLETED,pilot_BASELINE_50.result.json,8,6,True,False,0,0,0,0,1,True,0,0,0,140
BASELINE,50,EXP,DOMAIN_OF_GUYUN,Barbara,925,,,8,0,32,31,569.7,95745,95707,0,22,0.9255317148391222,96,22,591.7,RUNS_COMPLETED,pilot_BASELINE_50.result.json,8,6,True,False,0,0,0,0,1,True,0,0,0,96
BASELINE,50,EXP,DOMAIN_OF_GUYUN,Jean,717,,,8,0,32,29,512.64,83710,79146,0,49,0.9881195347370866,37,22,534.64,RUNS_COMPLETED,pilot_BASELINE_50.result.json,8,6,True,False,7,0,0,0,1,True,0,0,0,37
BASELINE,50,EXP,DOMAIN_OF_GUYUN,Jean,925,,,8,0,32,31,546.39,89328,84048,0,49,1,0,0,546.39,RUNS_COMPLETED,pilot_BASELINE_50.result.json,8,6,True,False,3,0,0,0,0,True,0,0,0,0
BASELINE,50,EXP,DOMAIN_OF_GUYUN,Sucrose,717,,,4,1,22,11,415.34,0,53638,5,0,0,0,0,415.34,DEFEAT,pilot_BASELINE_50.result.json,5,6,False,False,0,0,0,1260,0,False,0,0,0,
BASELINE,50,EXP,DOMAIN_OF_GUYUN,Sucrose,925,,,4,1,22,9,397.26,0,54898,6,0,0,0,0,397.26,DEFEAT,pilot_BASELINE_50.result.json,5,6,False,False,0,0,0,2520,0,False,0,0,0,
LOW,20,TALENT,FORSAKEN_RIFT,Barbara,717,,,0,1,8,2,153.06,2087,15988,4,2,0,0,0,153.06,DEFEAT,pilot_LOW_20.result.json,1,3,False,False,0,0,0,0,0,False,0,0,0,
LOW,20,TALENT,FORSAKEN_RIFT,Barbara,925,,,0,1,9,2,164.16,2001,15902,4,6,0,0,0,164.16,DEFEAT,pilot_LOW_20.result.json,1,3,False,False,0,0,0,0,0,False,0,0,0,
LOW,20,TALENT,FORSAKEN_RIFT,Jean,717,,,2,1,19,6,261.74,4831,20606,6,4,0,0,0,261.74,DEFEAT,pilot_LOW_20.result.json,3,3,False,False,0,0,0,662,0,False,0,0,0,
LOW,20,TALENT,FORSAKEN_RIFT,Jean,925,,,1,1,10,4,214.06,2972,18416,5,3,0,0,0,214.06,DEFEAT,pilot_LOW_20.result.json,2,3,False,False,0,0,0,331,0,False,0,0,0,
LOW,20,TALENT,FORSAKEN_RIFT,Sucrose,717,,,1,1,6,4,201.85,0,14038,5,0,0,0,0,201.85,DEFEAT,pilot_LOW_20.result.json,2,3,False,False,0,0,0,331,0,False,0,0,0,
LOW,20,TALENT,FORSAKEN_RIFT,Sucrose,925,,,1,1,6,5,197.08,0,14038,5,0,0,0,0,197.08,DEFEAT,pilot_LOW_20.result.json,2,3,False,False,0,0,0,331,0,False,0,0,0,
LOW,20,ASCENSION,CECILIA_GARDEN,Barbara,717,,,4,1,35,20,448.47999999999996,10977,24878,4,20,0,0,0,448.47999999999996,DEFEAT,pilot_LOW_20.result.json,5,3,False,False,0,0,0,0,0,False,0,0,0,
LOW,20,ASCENSION,CECILIA_GARDEN,Barbara,925,,,4,1,31,15,432.89,10118,24425,6,25,0,0,0,432.89,DEFEAT,pilot_LOW_20.result.json,5,3,False,False,0,0,0,662,0,False,0,0,0,
LOW,20,ASCENSION,CECILIA_GARDEN,Jean,717,,,8,0,40,28,472.03000000000003,14250,23641,3,24,0.3995235889631443,217,30,502.03000000000003,RUNS_COMPLETED,pilot_LOW_20.result.json,8,3,False,False,0,0,0,662,1,True,0,0,0,217
LOW,20,ASCENSION,CECILIA_GARDEN,Jean,925,,,8,0,30,21,435.75,13410,19669,2,35,0.58386819294647,168,30,465.75,RUNS_COMPLETED,pilot_LOW_20.result.json,8,3,False,False,0,0,0,662,1,True,0,0,0,168
LOW,20,ASCENSION,CECILIA_GARDEN,Sucrose,717,,,4,1,23,12,376.15999999999997,0,14038,5,0,0,0,0,376.15999999999997,DEFEAT,pilot_LOW_20.result.json,5,3,False,False,0,0,0,331,0,False,0,0,0,
LOW,20,ASCENSION,CECILIA_GARDEN,Sucrose,925,,,3,1,20,8,311.51,0,14369,6,0,0,0,0,311.51,DEFEAT,pilot_LOW_20.result.json,4,3,False,False,0,0,0,662,0,False,0,0,0,
LOW,20,EXP,PEAK_OF_VINDAGNYR,Barbara,717,,,1,1,12,3,211.06,6093,20325,5,7,0,0,0,211.06,DEFEAT,pilot_LOW_20.result.json,2,3,False,False,0,0,0,331,0,False,0,0,0,
LOW,20,EXP,PEAK_OF_VINDAGNYR,Barbara,925,,,1,1,15,6,206.74,3906,18138,5,12,0,0,0,206.74,DEFEAT,pilot_LOW_20.result.json,2,3,False,False,0,0,0,331,0,False,0,0,0,
LOW,20,EXP,PEAK_OF_VINDAGNYR,Jean,717,,,2,1,18,6,282.83,7005,22607,6,6,0,0,0,282.83,DEFEAT,pilot_LOW_20.result.json,3,3,False,False,0,0,0,662,0,False,0,0,0,
LOW,20,EXP,PEAK_OF_VINDAGNYR,Jean,925,,,1,1,21,2,237.04999999999998,6248,21692,5,4,0,0,0,237.04999999999998,DEFEAT,pilot_LOW_20.result.json,2,3,False,False,0,0,0,331,0,False,0,0,0,
LOW,20,EXP,PEAK_OF_VINDAGNYR,Sucrose,717,,,1,1,9,3,201.07,0,14038,5,0,0,0,0,201.07,DEFEAT,pilot_LOW_20.result.json,2,3,False,False,0,0,0,331,0,False,0,0,0,
LOW,20,EXP,PEAK_OF_VINDAGNYR,Sucrose,925,,,1,1,10,5,224.82999999999998,0,14038,5,0,0,0,0,224.82999999999998,DEFEAT,pilot_LOW_20.result.json,2,3,False,False,0,0,0,331,0,False,0,0,0,
LOW,50,TALENT,TAISHAN_MANSION,Barbara,717,,,8,0,24,23,375.87,50560,50096,0,11,0.9508810199898452,79,43.6,419.47,RUNS_COMPLETED,pilot_LOW_50.result.json,8,6,True,False,0,0,0,0,1,True,1,1,0,79
LOW,50,TALENT,TAISHAN_MANSION,Barbara,925,,,8,0,24,22,359.54999999999995,51664,51721,0,15,0.9285405344415819,111,83.75,443.29999999999995,RUNS_COMPLETED,pilot_LOW_50.result.json,8,6,True,False,0,0,0,0,1,True,1,1,0,111
LOW,50,TALENT,TAISHAN_MANSION,Jean,717,,,8,0,24,16,326.13999999999993,32526,28471,0,46,0.9928153052250818,44,43.6,369.73999999999995,RUNS_COMPLETED,pilot_LOW_50.result.json,8,6,True,False,2,0,0,0,1,True,1,1,0,44
LOW,50,TALENT,TAISHAN_MANSION,Jean,925,,,8,0,24,16,325.03,32234,27621,0,50,0.9889325833374816,36,30,355.03,RUNS_COMPLETED,pilot_LOW_50.result.json,8,6,True,False,0,0,0,0,1,True,0,0,0,36
LOW,50,TALENT,TAISHAN_MANSION,Sucrose,717,,,8,0,29,12,407.77,0,42267,5,0,0.28926266753217,685,30,437.77,RUNS_COMPLETED,pilot_LOW_50.result.json,8,6,False,False,0,0,0,5040,1,True,0,0,0,685
LOW,50,TALENT,TAISHAN_MANSION,Sucrose,925,,,8,0,25,13,393.99,0,36870,5,0,0.39230211157356143,588,30,423.99,RUNS_COMPLETED,pilot_LOW_50.result.json,8,6,False,False,0,0,0,5040,1,True,0,0,0,588
LOW,50,ASCENSION,LIANSHAN_FORMULA,Barbara,717,,,8,0,24,24,347.79,40646,39000,0,18,0.9535137371419975,69,26,373.79,RUNS_COMPLETED,pilot_LOW_50.result.json,8,6,True,False,0,0,0,0,1,True,0,0,0,69
LOW,50,ASCENSION,LIANSHAN_FORMULA,Barbara,925,,,8,0,24,22,342.90000000000003,41876,39780,0,10,0.9682193429490193,56,26,368.90000000000003,RUNS_COMPLETED,pilot_LOW_50.result.json,8,6,True,False,0,0,0,0,1,True,0,0,0,56
LOW,50,ASCENSION,LIANSHAN_FORMULA,Jean,717,,,8,0,24,16,294.93,22489,17461,0,58,1,0,0,294.93,RUNS_COMPLETED,pilot_LOW_50.result.json,8,6,True,False,1,0,0,0,0,True,0,0,0,0
LOW,50,ASCENSION,LIANSHAN_FORMULA,Jean,925,,,8,0,24,16,298.26,24008,19138,0,55,1,0,0,298.26,RUNS_COMPLETED,pilot_LOW_50.result.json,8,6,True,False,1,0,0,0,0,True,0,0,0,0
LOW,50,ASCENSION,LIANSHAN_FORMULA,Sucrose,717,,,8,0,24,14,352.46,0,31927,2,0,0.43856199167589444,547,52.46,404.91999999999996,RUNS_COMPLETED,pilot_LOW_50.result.json,8,6,False,False,0,0,0,2520,1,True,1,1,0,547
LOW,50,ASCENSION,LIANSHAN_FORMULA,Sucrose,925,,,8,0,24,14,349.13,0,32012,4,0,0.4609950742678224,525,26,375.13,RUNS_COMPLETED,pilot_LOW_50.result.json,8,6,False,False,0,0,0,3780,1,True,0,0,0,525
LOW,50,EXP,DOMAIN_OF_GUYUN,Barbara,717,,,7,1,37,26,653.81,69122,121815,5,24,0,0,0,653.81,DEFEAT,pilot_LOW_50.result.json,8,6,False,False,0,0,0,1260,0,False,0,0,0,
LOW,50,EXP,DOMAIN_OF_GUYUN,Barbara,925,,,8,0,32,31,569.7,80695,97125,0,16,0.6260789439043195,378,22,591.7,RUNS_COMPLETED,pilot_LOW_50.result.json,8,6,True,False,0,0,0,0,1,True,0,0,0,378
LOW,50,EXP,DOMAIN_OF_GUYUN,Jean,717,,,8,0,32,29,512.64,70448,79156,0,33,0.8112565749083246,227,22,534.64,RUNS_COMPLETED,pilot_LOW_50.result.json,8,6,True,False,0,0,0,0,1,True,0,0,0,227
LOW,50,EXP,DOMAIN_OF_GUYUN,Jean,925,,,8,0,32,30,532.29,71084,85890,0,29,0.6901123334494831,355,22,554.29,RUNS_COMPLETED,pilot_LOW_50.result.json,8,6,True,False,0,0,0,0,1,True,0,0,0,355
LOW,50,EXP,DOMAIN_OF_GUYUN,Sucrose,717,,,4,1,22,11,415.34,0,53638,5,0,0,0,0,415.34,DEFEAT,pilot_LOW_50.result.json,5,6,False,False,0,0,0,1260,0,False,0,0,0,
LOW,50,EXP,DOMAIN_OF_GUYUN,Sucrose,925,,,4,1,22,9,397.26,0,54898,6,0,0,0,0,397.26,DEFEAT,pilot_LOW_50.result.json,5,6,False,False,0,0,0,2520,0,False,0,0,0,
MID,20,TALENT,FORSAKEN_RIFT,Barbara,717,,,0,1,8,2,153.06,2319,16220,4,2,0,0,0,153.06,DEFEAT,pilot_MID_20.result.json,1,3,False,False,0,0,0,0,0,False,0,0,0,
MID,20,TALENT,FORSAKEN_RIFT,Barbara,925,,,0,1,9,2,164.16,2233,16134,4,6,0,0,0,164.16,DEFEAT,pilot_MID_20.result.json,1,3,False,False,0,0,0,0,0,False,0,0,0,
MID,20,TALENT,FORSAKEN_RIFT,Jean,717,,,2,1,14,6,270.62,6461,22095,6,4,0,0,0,270.62,DEFEAT,pilot_MID_20.result.json,3,3,False,False,0,0,0,662,0,False,0,0,0,
MID,20,TALENT,FORSAKEN_RIFT,Jean,925,,,1,1,15,5,238.15,5029,20142,4,4,0,0,0,238.15,DEFEAT,pilot_MID_20.result.json,2,3,False,False,0,0,0,0,0,False,0,0,0,
MID,20,TALENT,FORSAKEN_RIFT,Sucrose,717,,,1,1,6,4,201.85,0,14038,5,0,0,0,0,201.85,DEFEAT,pilot_MID_20.result.json,2,3,False,False,0,0,0,331,0,False,0,0,0,
MID,20,TALENT,FORSAKEN_RIFT,Sucrose,925,,,1,1,6,5,197.08,0,14038,5,0,0,0,0,197.08,DEFEAT,pilot_MID_20.result.json,2,3,False,False,0,0,0,331,0,False,0,0,0,
MID,20,ASCENSION,CECILIA_GARDEN,Barbara,717,,,6,1,52,22,591.25,20639,35029,6,37,0,0,0,591.25,DEFEAT,pilot_MID_20.result.json,7,3,False,False,0,0,0,662,0,False,0,0,0,
MID,20,ASCENSION,CECILIA_GARDEN,Barbara,925,,,5,1,42,18,531.3,16345,30403,6,28,0,0,0,531.3,DEFEAT,pilot_MID_20.result.json,6,3,False,False,0,0,0,662,0,False,0,0,0,
MID,20,ASCENSION,CECILIA_GARDEN,Jean,717,,,8,0,31,28,468.83,15948,20347,0,41,0.6488453649176206,143,30,498.83,RUNS_COMPLETED,pilot_MID_20.result.json,8,3,True,False,0,0,0,0,1,True,0,0,0,143
MID,20,ASCENSION,CECILIA_GARDEN,Jean,925,,,8,0,30,22,437.51,15701,21041,2,41,0.666512274201019,111,44.84,482.35,RUNS_COMPLETED,pilot_MID_20.result.json,8,3,False,False,0,0,0,662,1,True,1,1,0,111
MID,20,ASCENSION,CECILIA_GARDEN,Sucrose,717,,,4,1,23,12,376.15999999999997,0,14038,5,0,0,0,0,376.15999999999997,DEFEAT,pilot_MID_20.result.json,5,3,False,False,0,0,0,331,0,False,0,0,0,
MID,20,ASCENSION,CECILIA_GARDEN,Sucrose,925,,,3,1,20,8,311.51,0,14369,6,0,0,0,0,311.51,DEFEAT,pilot_MID_20.result.json,4,3,False,False,0,0,0,662,0,False,0,0,0,
MID,20,EXP,PEAK_OF_VINDAGNYR,Barbara,717,,,1,1,15,3,238.81,8038,22270,5,9,0,0,0,238.81,DEFEAT,pilot_MID_20.result.json,2,3,False,False,0,0,0,331,0,False,0,0,0,
MID,20,EXP,PEAK_OF_VINDAGNYR,Barbara,925,,,1,1,14,4,210.73,6577,20809,5,12,0,0,0,210.73,DEFEAT,pilot_MID_20.result.json,2,3,False,False,0,0,0,331,0,False,0,0,0,
MID,20,EXP,PEAK_OF_VINDAGNYR,Jean,717,,,1,1,19,6,248.79,7321,22592,5,8,0,0,0,248.79,DEFEAT,pilot_MID_20.result.json,2,3,False,False,0,0,0,331,0,False,0,0,0,
MID,20,EXP,PEAK_OF_VINDAGNYR,Jean,925,,,2,1,21,3,276.18,10191,25966,6,4,0,0,0,276.18,DEFEAT,pilot_MID_20.result.json,3,3,False,False,0,0,0,662,0,False,0,0,0,
MID,20,EXP,PEAK_OF_VINDAGNYR,Sucrose,717,,,1,1,9,3,201.07,0,14038,5,0,0,0,0,201.07,DEFEAT,pilot_MID_20.result.json,2,3,False,False,0,0,0,331,0,False,0,0,0,
MID,20,EXP,PEAK_OF_VINDAGNYR,Sucrose,925,,,1,1,10,5,224.82999999999998,0,14038,5,0,0,0,0,224.82999999999998,DEFEAT,pilot_MID_20.result.json,2,3,False,False,0,0,0,331,0,False,0,0,0,
MID,50,TALENT,TAISHAN_MANSION,Barbara,717,,,8,0,24,23,375.87,50799,50110,0,11,0.9537017883671512,77,43.6,419.47,RUNS_COMPLETED,pilot_MID_50.result.json,8,6,True,False,0,0,0,0,1,True,1,1,0,77
MID,50,TALENT,TAISHAN_MANSION,Barbara,925,,,8,0,24,22,359.54999999999995,51939,51771,0,16,0.9313613028188878,109,83.75,443.29999999999995,RUNS_COMPLETED,pilot_MID_50.result.json,8,6,True,False,0,0,0,0,1,True,1,1,0,109
MID,50,TALENT,TAISHAN_MANSION,Jean,717,,,8,0,24,16,326.13999999999993,32824,28471,0,48,0.9962002422552972,41,43.6,369.73999999999995,RUNS_COMPLETED,pilot_MID_50.result.json,8,6,True,False,2,0,0,0,1,True,1,1,0,41
MID,50,TALENT,TAISHAN_MANSION,Jean,925,,,8,0,24,16,325.03,32422,27621,0,50,0.9920520351104253,33,30,355.03,RUNS_COMPLETED,pilot_MID_50.result.json,8,6,True,False,0,0,0,0,1,True,0,0,0,33
MID,50,TALENT,TAISHAN_MANSION,Sucrose,717,,,8,0,29,12,407.77,0,42267,5,0,0.28926266753217,685,30,437.77,RUNS_COMPLETED,pilot_MID_50.result.json,8,6,False,False,0,0,0,5040,1,True,0,0,0,685
MID,50,TALENT,TAISHAN_MANSION,Sucrose,925,,,8,0,25,13,393.99,0,36870,5,0,0.39230211157356143,588,30,423.99,RUNS_COMPLETED,pilot_MID_50.result.json,8,6,False,False,0,0,0,5040,1,True,0,0,0,588
MID,50,ASCENSION,LIANSHAN_FORMULA,Barbara,717,,,8,0,24,24,347.79,40948,39000,0,18,0.9563721157643342,66,26,373.79,RUNS_COMPLETED,pilot_MID_50.result.json,8,6,True,False,0,0,0,0,1,True,0,0,0,66
MID,50,ASCENSION,LIANSHAN_FORMULA,Barbara,925,,,8,0,24,22,342.90000000000003,42251,39780,0,12,0.9724504955149783,51,26,368.90000000000003,RUNS_COMPLETED,pilot_MID_50.result.json,8,6,True,False,0,0,0,0,1,True,0,0,0,51
MID,50,ASCENSION,LIANSHAN_FORMULA,Jean,717,,,8,0,24,16,294.93,22547,17425,0,58,1,0,0,294.93,RUNS_COMPLETED,pilot_MID_50.result.json,8,6,True,False,1,0,0,0,0,True,0,0,0,0
MID,50,ASCENSION,LIANSHAN_FORMULA,Jean,925,,,8,0,24,16,298.26,24102,19138,0,56,1,0,0,298.26,RUNS_COMPLETED,pilot_MID_50.result.json,8,6,True,False,2,0,0,0,0,True,0,0,0,0
MID,50,ASCENSION,LIANSHAN_FORMULA,Sucrose,717,,,8,0,24,14,352.46,0,31927,2,0,0.43856199167589444,547,52.46,404.91999999999996,RUNS_COMPLETED,pilot_MID_50.result.json,8,6,False,False,0,0,0,2520,1,True,1,1,0,547
MID,50,ASCENSION,LIANSHAN_FORMULA,Sucrose,925,,,8,0,24,14,349.13,0,32012,4,0,0.4609950742678224,525,26,375.13,RUNS_COMPLETED,pilot_MID_50.result.json,8,6,False,False,0,0,0,3780,1,True,0,0,0,525
MID,50,EXP,DOMAIN_OF_GUYUN,Barbara,717,,,8,0,33,32,584.9100000000001,91315,101645,0,16,0.7643718148823739,245,22,606.9100000000001,RUNS_COMPLETED,pilot_MID_50.result.json,8,6,True,False,0,0,0,0,1,True,0,0,0,245
MID,50,EXP,DOMAIN_OF_GUYUN,Barbara,925,,,8,0,32,31,569.7,91341,95722,0,15,0.8498410967147451,166,22,591.7,RUNS_COMPLETED,pilot_MID_50.result.json,8,6,True,False,0,0,0,0,1,True,0,0,0,166
MID,50,EXP,DOMAIN_OF_GUYUN,Jean,717,,,8,0,32,29,512.64,77820,79438,0,35,0.9221298554764631,108,22,534.64,RUNS_COMPLETED,pilot_MID_50.result.json,8,6,True,False,0,0,0,0,1,True,0,0,0,108
MID,50,EXP,DOMAIN_OF_GUYUN,Jean,925,,,8,0,32,30,532.29,86059,84920,0,31,0.9531916305772645,74,22,554.29,RUNS_COMPLETED,pilot_MID_50.result.json,8,6,True,False,0,0,0,0,1,True,0,0,0,74
MID,50,EXP,DOMAIN_OF_GUYUN,Sucrose,717,,,4,1,22,11,415.34,0,53638,5,0,0,0,0,415.34,DEFEAT,pilot_MID_50.result.json,5,6,False,False,0,0,0,1260,0,False,0,0,0,
MID,50,EXP,DOMAIN_OF_GUYUN,Sucrose,925,,,4,1,22,9,397.26,0,54898,6,0,0,0,0,397.26,DEFEAT,pilot_MID_50.result.json,5,6,False,False,0,0,0,2520,0,False,0,0,0,
MILD,20,TALENT,FORSAKEN_RIFT,Barbara,717,,,0,1,9,2,155.28,2768,16669,4,5,0,0,0,155.28,DEFEAT,pilot_MILD_20.result.json,1,3,False,False,0,0,0,0,0,False,0,0,0,
MILD,20,TALENT,FORSAKEN_RIFT,Barbara,925,,,0,1,11,2,168.6,2682,16583,4,9,0,0,0,168.6,DEFEAT,pilot_MILD_20.result.json,1,3,False,False,0,0,0,0,0,False,0,0,0,
MILD,20,TALENT,FORSAKEN_RIFT,Jean,717,,,1,1,11,5,230.38,5116,20387,5,5,0,0,0,230.38,DEFEAT,pilot_MILD_20.result.json,2,3,False,False,0,0,0,331,0,False,0,0,0,
MILD,20,TALENT,FORSAKEN_RIFT,Jean,925,,,1,1,14,5,237.04000000000002,6648,21761,4,5,0,0,0,237.04000000000002,DEFEAT,pilot_MILD_20.result.json,2,3,False,False,0,0,0,0,0,False,0,0,0,
MILD,20,TALENT,FORSAKEN_RIFT,Sucrose,717,,,1,1,6,4,201.85,0,14038,5,0,0,0,0,201.85,DEFEAT,pilot_MILD_20.result.json,2,3,False,False,0,0,0,331,0,False,0,0,0,
MILD,20,TALENT,FORSAKEN_RIFT,Sucrose,925,,,1,1,6,5,197.08,0,14038,5,0,0,0,0,197.08,DEFEAT,pilot_MILD_20.result.json,2,3,False,False,0,0,0,331,0,False,0,0,0,
MILD,20,ASCENSION,CECILIA_GARDEN,Barbara,717,,,6,1,55,25,623.4300000000001,22003,36280,6,39,0,0,0,623.4300000000001,DEFEAT,pilot_MILD_20.result.json,7,3,False,False,0,0,0,662,0,False,0,0,0,
MILD,20,ASCENSION,CECILIA_GARDEN,Barbara,925,,,5,1,42,19,534.3,17629,31688,6,30,0,0,0,534.3,DEFEAT,pilot_MILD_20.result.json,6,3,False,False,0,0,0,662,0,False,0,0,0,
MILD,20,ASCENSION,CECILIA_GARDEN,Jean,717,,,8,0,30,27,459.03999999999996,19381,21003,0,49,0.8354396876860981,78,30,489.03999999999996,RUNS_COMPLETED,pilot_MILD_20.result.json,8,3,True,False,0,0,0,0,1,True,0,0,0,78
MILD,20,ASCENSION,CECILIA_GARDEN,Jean,925,,,8,0,30,27,451.14,18102,18876,0,51,0.9027327466419639,55,30,481.14,RUNS_COMPLETED,pilot_MILD_20.result.json,8,3,True,False,0,0,0,0,1,True,0,0,0,55
MILD,20,ASCENSION,CECILIA_GARDEN,Sucrose,717,,,4,1,23,12,376.15999999999997,0,14038,5,0,0,0,0,376.15999999999997,DEFEAT,pilot_MILD_20.result.json,5,3,False,False,0,0,0,331,0,False,0,0,0,
MILD,20,ASCENSION,CECILIA_GARDEN,Sucrose,925,,,3,1,20,8,311.51,0,14369,6,0,0,0,0,311.51,DEFEAT,pilot_MILD_20.result.json,4,3,False,False,0,0,0,662,0,False,0,0,0,
MILD,20,EXP,PEAK_OF_VINDAGNYR,Barbara,717,,,1,1,16,3,262.12,9222,23345,5,10,0,0,0,262.12,DEFEAT,pilot_MILD_20.result.json,2,3,False,False,0,0,0,331,0,False,0,0,0,
MILD,20,EXP,PEAK_OF_VINDAGNYR,Barbara,925,,,1,1,14,4,208.51,7372,21604,5,9,0,0,0,208.51,DEFEAT,pilot_MILD_20.result.json,2,3,False,False,0,0,0,331,0,False,0,0,0,
MILD,20,EXP,PEAK_OF_VINDAGNYR,Jean,717,,,2,1,21,7,294.58,12118,27720,6,9,0,0,0,294.58,DEFEAT,pilot_MILD_20.result.json,3,3,False,False,0,0,0,662,0,False,0,0,0,
MILD,20,EXP,PEAK_OF_VINDAGNYR,Jean,925,,,2,1,22,3,288.39,14020,29795,6,7,0,0,0,288.39,DEFEAT,pilot_MILD_20.result.json,3,3,False,False,0,0,0,662,0,False,0,0,0,
MILD,20,EXP,PEAK_OF_VINDAGNYR,Sucrose,717,,,1,1,9,3,201.07,0,14038,5,0,0,0,0,201.07,DEFEAT,pilot_MILD_20.result.json,2,3,False,False,0,0,0,331,0,False,0,0,0,
MILD,20,EXP,PEAK_OF_VINDAGNYR,Sucrose,925,,,1,1,10,5,224.82999999999998,0,14038,5,0,0,0,0,224.82999999999998,DEFEAT,pilot_MILD_20.result.json,2,3,False,False,0,0,0,331,0,False,0,0,0,
MILD,50,TALENT,TAISHAN_MANSION,Barbara,717,,,8,0,24,23,375.87,51246,50110,0,11,0.9593057148767324,71,43.6,419.47,RUNS_COMPLETED,pilot_MILD_50.result.json,8,6,True,False,0,0,0,0,1,True,1,1,0,71
MILD,50,TALENT,TAISHAN_MANSION,Barbara,925,,,8,0,24,22,359.54999999999995,52667,52059,0,15,0.936965229328469,103,83.75,443.29999999999995,RUNS_COMPLETED,pilot_MILD_50.result.json,8,6,True,False,0,0,0,0,1,True,1,1,0,103
MILD,50,TALENT,TAISHAN_MANSION,Jean,717,,,8,0,24,16,325.03,33433,28658,0,50,1,0,0,325.03,RUNS_COMPLETED,pilot_MILD_50.result.json,8,6,True,False,4,0,0,0,0,True,0,0,0,0
MILD,50,TALENT,TAISHAN_MANSION,Jean,925,,,8,0,24,16,325.03,32737,27493,0,53,0.9994026581711384,25,30,355.03,RUNS_COMPLETED,pilot_MILD_50.result.json,8,6,True,False,2,0,0,0,1,True,0,0,0,25
MILD,50,TALENT,TAISHAN_MANSION,Sucrose,717,,,8,0,29,12,407.77,0,42267,5,0,0.28926266753217,685,30,437.77,RUNS_COMPLETED,pilot_MILD_50.result.json,8,6,False,False,0,0,0,5040,1,True,0,0,0,685
MILD,50,TALENT,TAISHAN_MANSION,Sucrose,925,,,8,0,25,13,393.99,0,36870,5,0,0.39230211157356143,588,30,423.99,RUNS_COMPLETED,pilot_MILD_50.result.json,8,6,False,False,0,0,0,5040,1,True,0,0,0,588
MILD,50,ASCENSION,LIANSHAN_FORMULA,Barbara,717,,,8,0,24,24,347.79,40976,38457,0,18,0.9619760422739154,60,26,373.79,RUNS_COMPLETED,pilot_MILD_50.result.json,8,6,True,False,0,0,0,0,1,True,0,0,0,60
MILD,50,ASCENSION,LIANSHAN_FORMULA,Barbara,925,,,8,0,24,22,342.90000000000003,42682,39739,0,13,0.9795776369483047,45,26,368.90000000000003,RUNS_COMPLETED,pilot_MILD_50.result.json,8,6,True,False,0,0,0,0,1,True,0,0,0,45
MILD,50,ASCENSION,LIANSHAN_FORMULA,Jean,717,,,8,0,24,16,294.93,22705,17425,0,60,1,0,0,294.93,RUNS_COMPLETED,pilot_MILD_50.result.json,8,6,True,False,2,0,0,0,0,True,0,0,0,0
MILD,50,ASCENSION,LIANSHAN_FORMULA,Jean,925,,,8,0,24,16,298.26,24335,19138,0,62,1,0,0,298.26,RUNS_COMPLETED,pilot_MILD_50.result.json,8,6,True,False,6,0,0,0,0,True,0,0,0,0
MILD,50,ASCENSION,LIANSHAN_FORMULA,Sucrose,717,,,8,0,24,14,352.46,0,31927,2,0,0.43856199167589444,547,52.46,404.91999999999996,RUNS_COMPLETED,pilot_MILD_50.result.json,8,6,False,False,0,0,0,2520,1,True,1,1,0,547
MILD,50,ASCENSION,LIANSHAN_FORMULA,Sucrose,925,,,8,0,24,14,349.13,0,32012,4,0,0.4609950742678224,525,26,375.13,RUNS_COMPLETED,pilot_MILD_50.result.json,8,6,False,False,0,0,0,3780,1,True,0,0,0,525
MILD,50,EXP,DOMAIN_OF_GUYUN,Barbara,717,,,8,0,33,32,584.9100000000001,95379,99180,0,14,0.8615378829193072,156,22,606.9100000000001,RUNS_COMPLETED,pilot_MILD_50.result.json,8,6,True,False,0,0,0,0,1,True,0,0,0,156
MILD,50,EXP,DOMAIN_OF_GUYUN,Barbara,925,,,8,0,32,31,569.7,92281,95337,0,17,0.8691539575380334,148,22,591.7,RUNS_COMPLETED,pilot_MILD_50.result.json,8,6,True,False,0,0,0,0,1,True,0,0,0,148
MILD,50,EXP,DOMAIN_OF_GUYUN,Jean,717,,,8,0,32,29,512.64,80970,79856,0,37,0.9453266298305872,83,22,534.64,RUNS_COMPLETED,pilot_MILD_50.result.json,8,6,True,False,0,0,0,0,1,True,0,0,0,83
MILD,50,EXP,DOMAIN_OF_GUYUN,Jean,925,,,8,0,32,31,546.39,86838,84316,0,37,0.9755255778452553,49,22,568.39,RUNS_COMPLETED,pilot_MILD_50.result.json,8,6,True,False,0,0,0,0,1,True,0,0,0,49
MILD,50,EXP,DOMAIN_OF_GUYUN,Sucrose,717,,,4,1,22,11,415.34,0,53638,5,0,0,0,0,415.34,DEFEAT,pilot_MILD_50.result.json,5,6,False,False,0,0,0,1260,0,False,0,0,0,
MILD,50,EXP,DOMAIN_OF_GUYUN,Sucrose,925,,,4,1,22,9,397.26,0,54898,6,0,0,0,0,397.26,DEFEAT,pilot_MILD_50.result.json,5,6,False,False,0,0,0,2520,0,False,0,0,0,
JEAN_ZERO_COUNTERFACTUAL,20,TALENT,FORSAKEN_RIFT,Jean,717,6,2,1,1,9,5,201.51999999999998,0,15653,5,23,0,0,0,201.51999999999998,DEFEAT,zero_JEAN_ZERO_COUNTERFACTUAL.result.json,2,6,False,False,0,0,0,336,0,False,0,0,0,
JEAN_ZERO_COUNTERFACTUAL,20,TALENT,FORSAKEN_RIFT,Jean,925,6,2,1,1,10,6,211.18,0,15317,4,24,0,0,0,211.18,DEFEAT,zero_JEAN_ZERO_COUNTERFACTUAL.result.json,2,6,False,False,0,0,0,0,0,False,0,0,0,
JEAN_ZERO_COUNTERFACTUAL,20,ASCENSION,CECILIA_GARDEN,Jean,717,6,2,5,1,29,12,330.15000000000003,0,15989,6,74,0,0,0,330.15000000000003,DEFEAT,zero_JEAN_ZERO_COUNTERFACTUAL.result.json,6,6,False,False,0,0,0,672,0,False,0,0,0,
JEAN_ZERO_COUNTERFACTUAL,20,ASCENSION,CECILIA_GARDEN,Jean,925,6,2,4,1,27,13,292.58,0,15653,5,63,0,0,0,292.58,DEFEAT,zero_JEAN_ZERO_COUNTERFACTUAL.result.json,5,6,False,False,0,0,0,336,0,False,0,0,0,
JEAN_ZERO_COUNTERFACTUAL,50,TALENT,TAISHAN_MANSION,Jean,717,6,,8,0,24,15,304.40000000000003,0,28087,1,94,0.5548641876980769,500,43.6,348.00000000000006,RUNS_COMPLETED,zero_JEAN_ZERO_COUNTERFACTUAL.result.json,8,6,False,False,0,0,0,1260,1,True,1,1,0,500
JEAN_ZERO_COUNTERFACTUAL,50,TALENT,TAISHAN_MANSION,Jean,925,6,,8,0,24,16,307.27,0,27538,0,96,0.543066686578061,507,30,337.27,RUNS_COMPLETED,zero_JEAN_ZERO_COUNTERFACTUAL.result.json,8,6,True,False,0,0,0,0,1,True,0,0,0,507
JEAN_ZERO_COUNTERFACTUAL,50,ASCENSION,LIANSHAN_FORMULA,Jean,717,6,,8,0,24,16,278.28,0,17835,0,96,0.7040669022848325,340,38.49,316.77,RUNS_COMPLETED,zero_JEAN_ZERO_COUNTERFACTUAL.result.json,8,6,True,False,0,0,0,0,1,True,1,1,0,340
JEAN_ZERO_COUNTERFACTUAL,50,ASCENSION,LIANSHAN_FORMULA,Jean,925,6,,8,0,24,16,281.61,0,19089,0,96,0.6832594952461546,357,26,307.61,RUNS_COMPLETED,zero_JEAN_ZERO_COUNTERFACTUAL.result.json,8,6,True,False,0,0,0,0,1,True,0,0,0,357
JEAN_ZERO_COUNTERFACTUAL,60,TALENT,TAISHAN_MANSION,Jean,717,6,,8,0,18,16,307.14000000000004,0,27355,0,96,0.7056354851553337,402,30,337.14000000000004,RUNS_COMPLETED,zero_JEAN_ZERO_COUNTERFACTUAL.result.json,8,6,True,False,0,0,0,0,1,True,0,0,0,402
JEAN_ZERO_COUNTERFACTUAL,60,TALENT,TAISHAN_MANSION,Jean,925,6,,8,0,19,16,306.03000000000003,0,27741,0,96,0.7014817764099474,417,51.37,357.40000000000003,RUNS_COMPLETED,zero_JEAN_ZERO_COUNTERFACTUAL.result.json,8,6,True,False,0,0,0,0,1,True,1,1,0,417
JEAN_ZERO_COUNTERFACTUAL,60,ASCENSION,LIANSHAN_FORMULA,Jean,717,6,,8,0,16,14,220.36999999999998,0,25215,0,76,0.7286638186142108,371,40.71,261.08,RUNS_COMPLETED,zero_JEAN_ZERO_COUNTERFACTUAL.result.json,8,6,True,False,0,0,0,0,1,True,1,1,0,371
JEAN_ZERO_COUNTERFACTUAL,60,ASCENSION,LIANSHAN_FORMULA,Jean,925,6,,8,0,16,15,235.45000000000002,0,31716,0,84,0.6587071850552573,466,26,261.45000000000005,RUNS_COMPLETED,zero_JEAN_ZERO_COUNTERFACTUAL.result.json,8,6,True,False,0,0,0,0,1,True,0,0,0,466
