bundle,id,floor,seed,artifactSeed,investment,prep,policy,state,noNativeKOClear,rounds,inputs,persistentHPRatio,foodConsumed,medicineConsumed,consumed,nativeKOByRoom
floor12_preparation,f12_c0_guard_none_buffonly,12,717,717,FIVE_C0,EXCLUSIVE,GUARD,TIMEOUT,False,24,12,0.7205921704478886,0,0,{},"[[""PLAYER_CUSTOM""], [""PLAYER_CUSTOM""]]"
floor12_preparation,f12_c0_guard_none_buffonly,12,4242,4242,FIVE_C0,EXCLUSIVE,GUARD,CLEARED,False,32,17,0.7070588403845327,0,0,{},"[[], [""PLAYER_CUSTOM""], [""PLAYER_CUSTOM""]]"
floor12_preparation,f12_c0_guard_none_buffonly,12,9031,9031,FIVE_C0,EXCLUSIVE,GUARD,TIMEOUT,False,12,12,0.952098726502648,0,0,{},[[]]
floor12_preparation,f12_c0_guard_none_healing,12,717,717,FIVE_C0,EXCLUSIVE,GUARD,TIMEOUT,False,24,18,0.863485474177521,2,0,"{""FOOD_HASH_BROWN"": 1, ""FOOD_SWEET_MADAME"": 1}","[[""PLAYER_CUSTOM""], [""PLAYER_CUSTOM""]]"
floor12_preparation,f12_c0_guard_none_healing,12,4242,4242,FIVE_C0,EXCLUSIVE,GUARD,TIMEOUT,False,33,21,0.7691729107866875,2,0,"{""FOOD_HASH_BROWN"": 1, ""FOOD_SWEET_MADAME"": 1}","[[], [""PLAYER_CUSTOM""], [""PLAYER_CUSTOM""]]"
floor12_preparation,f12_c0_guard_none_healing,12,9031,9031,FIVE_C0,EXCLUSIVE,GUARD,TIMEOUT,False,12,12,0.952098726502648,0,0,{},[[]]
floor12_preparation,f12_c0_guard_feast_buffonly,12,717,717,FIVE_C0,EXCLUSIVE,GUARD,TIMEOUT,False,23,23,0.9334639946192622,8,0,"{""FOOD_ADEPTUS_TEMPTATION"": 8}","[[], []]"
floor12_preparation,f12_c0_guard_feast_buffonly,12,4242,4242,FIVE_C0,EXCLUSIVE,GUARD,CLEARED,False,29,23,0.8330850012177825,12,0,"{""FOOD_ADEPTUS_TEMPTATION"": 12}","[[], [], [""PLAYER_CUSTOM""]]"
floor12_preparation,f12_c0_guard_feast_buffonly,12,9031,9031,FIVE_C0,EXCLUSIVE,GUARD,TIMEOUT,False,12,12,0.9661523466894085,4,0,"{""FOOD_ADEPTUS_TEMPTATION"": 4}",[[]]
floor12_preparation,f12_c0_guard_feast_healing,12,717,717,FIVE_C0,EXCLUSIVE,GUARD,TIMEOUT,False,23,23,0.9648299354166817,9,0,"{""FOOD_ADEPTUS_TEMPTATION"": 8, ""FOOD_SWEET_MADAME"": 1}","[[], []]"
floor12_preparation,f12_c0_guard_feast_healing,12,4242,4242,FIVE_C0,EXCLUSIVE,GUARD,CLEARED,True,26,26,0.8808005845355951,14,0,"{""FOOD_ADEPTUS_TEMPTATION"": 12, ""FOOD_HASH_BROWN"": 1, ""FOOD_SWEET_MADAME"": 1}","[[], [], []]"
floor12_preparation,f12_c0_guard_feast_healing,12,9031,9031,FIVE_C0,EXCLUSIVE,GUARD,TIMEOUT,False,12,12,0.9661523466894085,4,0,"{""FOOD_ADEPTUS_TEMPTATION"": 4}",[[]]
floor12_preparation,f12_c0_guard_attack_buffonly,12,717,717,FIVE_C0,EXCLUSIVE,GUARD,TIMEOUT,False,22,19,0.8672389727419343,16,0,"{""FOOD_ADEPTUS_TEMPTATION"": 8, ""FOOD_JADE_PARCELS"": 8}","[[], [""PLAYER_CUSTOM""]]"
floor12_preparation,f12_c0_guard_attack_buffonly,12,4242,4242,FIVE_C0,EXCLUSIVE,GUARD,CLEARED,False,29,21,0.7739938967606986,24,0,"{""FOOD_ADEPTUS_TEMPTATION"": 12, ""FOOD_JADE_PARCELS"": 12}","[[], [], [""PLAYER_CUSTOM""]]"
floor12_preparation,f12_c0_guard_attack_buffonly,12,9031,9031,FIVE_C0,EXCLUSIVE,GUARD,TIMEOUT,False,12,12,0.9683094806395436,8,0,"{""FOOD_ADEPTUS_TEMPTATION"": 4, ""FOOD_JADE_PARCELS"": 4}",[[]]
floor12_preparation,f12_c0_guard_attack_healing,12,717,717,FIVE_C0,EXCLUSIVE,GUARD,CLEARED,False,32,27,0.8573308936798028,26,0,"{""FOOD_ADEPTUS_TEMPTATION"": 12, ""FOOD_HASH_BROWN"": 1, ""FOOD_JADE_PARCELS"": 12, ""FOOD_SWEET_MADAME"": 1}","[[], [], [""PLAYER_CUSTOM""]]"
floor12_preparation,f12_c0_guard_attack_healing,12,4242,4242,FIVE_C0,EXCLUSIVE,GUARD,CLEARED,False,29,23,0.8506210690697574,26,0,"{""FOOD_ADEPTUS_TEMPTATION"": 12, ""FOOD_HASH_BROWN"": 1, ""FOOD_JADE_PARCELS"": 12, ""FOOD_SWEET_MADAME"": 1}","[[], [], [""PLAYER_CUSTOM""]]"
floor12_preparation,f12_c0_guard_attack_healing,12,9031,9031,FIVE_C0,EXCLUSIVE,GUARD,TIMEOUT,False,12,12,0.9683094806395436,8,0,"{""FOOD_ADEPTUS_TEMPTATION"": 4, ""FOOD_JADE_PARCELS"": 4}",[[]]
floor12_preparation,f12_c0_guard_crit_buffonly,12,717,717,FIVE_C0,EXCLUSIVE,GUARD,TIMEOUT,False,34,20,0.6682818523045324,36,0,"{""FOOD_ADEPTUS_TEMPTATION"": 12, ""FOOD_JADE_PARCELS"": 12, ""FOOD_SATISFYING_SALAD"": 12}","[[], [""PLAYER_CUSTOM""], [""PLAYER_CUSTOM""]]"
floor12_preparation,f12_c0_guard_crit_buffonly,12,4242,4242,FIVE_C0,EXCLUSIVE,GUARD,CLEARED,False,25,19,0.8373257496525738,36,0,"{""FOOD_ADEPTUS_TEMPTATION"": 12, ""FOOD_JADE_PARCELS"": 12, ""FOOD_SATISFYING_SALAD"": 12}","[[], [], [""PLAYER_CUSTOM""]]"
floor12_preparation,f12_c0_guard_crit_buffonly,12,9031,9031,FIVE_C0,EXCLUSIVE,GUARD,TIMEOUT,False,12,12,0.9683094806395436,12,0,"{""FOOD_ADEPTUS_TEMPTATION"": 4, ""FOOD_JADE_PARCELS"": 4, ""FOOD_SATISFYING_SALAD"": 4}",[[]]
floor12_preparation,f12_c0_guard_crit_healing,12,717,717,FIVE_C0,EXCLUSIVE,GUARD,CLEARED,True,32,30,0.8616557340295506,38,0,"{""FOOD_ADEPTUS_TEMPTATION"": 12, ""FOOD_HASH_BROWN"": 1, ""FOOD_JADE_PARCELS"": 12, ""FOOD_SATISFYING_SALAD"": 12, ""FOOD_SWEET_MADAME"": 1}","[[], [], []]"
floor12_preparation,f12_c0_guard_crit_healing,12,4242,4242,FIVE_C0,EXCLUSIVE,GUARD,CLEARED,True,26,24,0.8837089356581039,37,0,"{""FOOD_ADEPTUS_TEMPTATION"": 12, ""FOOD_JADE_PARCELS"": 12, ""FOOD_SATISFYING_SALAD"": 12, ""FOOD_SWEET_MADAME"": 1}","[[], [], []]"
floor12_preparation,f12_c0_guard_crit_healing,12,9031,9031,FIVE_C0,EXCLUSIVE,GUARD,TIMEOUT,False,12,12,0.9683094806395436,12,0,"{""FOOD_ADEPTUS_TEMPTATION"": 4, ""FOOD_JADE_PARCELS"": 4, ""FOOD_SATISFYING_SALAD"": 4}",[[]]
floor12_preparation,f12_c0_guard_defense_healing,12,717,717,FIVE_C0,EXCLUSIVE,GUARD,CLEARED,True,32,30,0.8782752710257393,50,0,"{""FOOD_ADEPTUS_TEMPTATION"": 12, ""FOOD_FISHERMANS_TOAST"": 12, ""FOOD_HASH_BROWN"": 1, ""FOOD_JADE_PARCELS"": 12, ""FOOD_SATISFYING_SALAD"": 12, ""FOOD_SWEET_MADAME"": 1}","[[], [], []]"
floor12_preparation,f12_c0_guard_defense_healing,12,4242,4242,FIVE_C0,EXCLUSIVE,GUARD,CLEARED,True,26,24,0.9041318643533575,49,0,"{""FOOD_ADEPTUS_TEMPTATION"": 12, ""FOOD_FISHERMANS_TOAST"": 12, ""FOOD_JADE_PARCELS"": 12, ""FOOD_SATISFYING_SALAD"": 12, ""FOOD_SWEET_MADAME"": 1}","[[], [], []]"
floor12_preparation,f12_c0_guard_defense_healing,12,9031,9031,FIVE_C0,EXCLUSIVE,GUARD,TIMEOUT,False,12,12,0.9792169818757749,16,0,"{""FOOD_ADEPTUS_TEMPTATION"": 4, ""FOOD_FISHERMANS_TOAST"": 4, ""FOOD_JADE_PARCELS"": 4, ""FOOD_SATISFYING_SALAD"": 4}",[[]]
floor12_preparation,f12_c0_guard_all_healing,12,717,717,FIVE_C0,EXCLUSIVE,GUARD,CLEARED,True,32,30,0.8782752710257393,62,0,"{""FOOD_ADEPTUS_TEMPTATION"": 12, ""FOOD_CREAM_STEW"": 12, ""FOOD_FISHERMANS_TOAST"": 12, ""FOOD_HASH_BROWN"": 1, ""FOOD_JADE_PARCELS"": 12, ""FOOD_SATISFYING_SALAD"": 12, ""FOOD_SWEET_MADAME"": 1}","[[], [], []]"
floor12_preparation,f12_c0_guard_all_healing,12,4242,4242,FIVE_C0,EXCLUSIVE,GUARD,CLEARED,True,26,24,0.9041318643533575,61,0,"{""FOOD_ADEPTUS_TEMPTATION"": 12, ""FOOD_CREAM_STEW"": 12, ""FOOD_FISHERMANS_TOAST"": 12, ""FOOD_JADE_PARCELS"": 12, ""FOOD_SATISFYING_SALAD"": 12, ""FOOD_SWEET_MADAME"": 1}","[[], [], []]"
floor12_preparation,f12_c0_guard_all_healing,12,9031,9031,FIVE_C0,EXCLUSIVE,GUARD,TIMEOUT,False,12,12,0.9792169818757749,20,0,"{""FOOD_ADEPTUS_TEMPTATION"": 4, ""FOOD_CREAM_STEW"": 4, ""FOOD_FISHERMANS_TOAST"": 4, ""FOOD_JADE_PARCELS"": 4, ""FOOD_SATISFYING_SALAD"": 4}",[[]]
floor12_preparation,f12_craft_guard_all,12,717,717,FIVE_C0,CRAFT,GUARD,TIMEOUT,False,12,4,0.7165349205545631,20,0,"{""FOOD_ADEPTUS_TEMPTATION"": 4, ""FOOD_CREAM_STEW"": 4, ""FOOD_FISHERMANS_TOAST"": 4, ""FOOD_JADE_PARCELS"": 4, ""FOOD_SATISFYING_SALAD"": 4}","[[""PLAYER_CUSTOM""]]"
floor12_preparation,f12_craft_guard_all,12,4242,4242,FIVE_C0,CRAFT,GUARD,CLEARED,False,32,22,0.8158856144070832,64,0,"{""FOOD_ADEPTUS_TEMPTATION"": 12, ""FOOD_CREAM_STEW"": 12, ""FOOD_FISHERMANS_TOAST"": 12, ""FOOD_HASH_BROWN"": 2, ""FOOD_JADE_PARCELS"": 12, ""FOOD_SATISFYING_SALAD"": 12, ""FOOD_SWEET_MADAME"": 2}","[[""PLAYER_CUSTOM""], [], [""PLAYER_CUSTOM""]]"
floor12_preparation,f12_craft_guard_all,12,9031,9031,FIVE_C0,CRAFT,GUARD,TIMEOUT,False,12,8,0.8305467367078266,20,0,"{""FOOD_ADEPTUS_TEMPTATION"": 4, ""FOOD_CREAM_STEW"": 4, ""FOOD_FISHERMANS_TOAST"": 4, ""FOOD_JADE_PARCELS"": 4, ""FOOD_SATISFYING_SALAD"": 4}","[[""PLAYER_CUSTOM""]]"
floor12_preparation,f12_c1_guard_feast,12,717,717,FIVE_C1,EXCLUSIVE,GUARD,TIMEOUT,False,29,25,0.8299426488562316,14,0,"{""FOOD_ADEPTUS_TEMPTATION"": 12, ""FOOD_HASH_BROWN"": 1, ""FOOD_SWEET_MADAME"": 1}","[[], [], [""PLAYER_CUSTOM""]]"
floor12_preparation,f12_c1_guard_feast,12,4242,4242,FIVE_C1,EXCLUSIVE,GUARD,CLEARED,True,26,24,0.8568174329145116,14,0,"{""FOOD_ADEPTUS_TEMPTATION"": 12, ""FOOD_HASH_BROWN"": 1, ""FOOD_SWEET_MADAME"": 1}","[[], [], []]"
floor12_preparation,f12_c1_guard_feast,12,9031,9031,FIVE_C1,EXCLUSIVE,GUARD,TIMEOUT,False,12,12,0.9638518815797961,4,0,"{""FOOD_ADEPTUS_TEMPTATION"": 4}",[[]]
floor12_preparation,f12_c2_guard_feast,12,717,717,FIVE_C2,EXCLUSIVE,GUARD,CLEARED,True,25,23,0.8851024437517628,14,0,"{""FOOD_ADEPTUS_TEMPTATION"": 12, ""FOOD_HASH_BROWN"": 1, ""FOOD_SWEET_MADAME"": 1}","[[], [], []]"
floor12_preparation,f12_c2_guard_feast,12,4242,4242,FIVE_C2,EXCLUSIVE,GUARD,CLEARED,True,26,24,0.8831215346924741,13,0,"{""FOOD_ADEPTUS_TEMPTATION"": 12, ""FOOD_SWEET_MADAME"": 1}","[[], [], []]"
floor12_preparation,f12_c2_guard_feast,12,9031,9031,FIVE_C2,EXCLUSIVE,GUARD,TIMEOUT,False,12,12,0.9773321771286468,4,0,"{""FOOD_ADEPTUS_TEMPTATION"": 4}",[[]]
floor12_preparation,f12_c6_guard_feast,12,717,717,FIVE_C6,EXCLUSIVE,GUARD,CLEARED,True,22,21,1,12,0,"{""FOOD_ADEPTUS_TEMPTATION"": 12}","[[], [], []]"
floor12_preparation,f12_c6_guard_feast,12,4242,4242,FIVE_C6,EXCLUSIVE,GUARD,CLEARED,True,20,19,1,12,0,"{""FOOD_ADEPTUS_TEMPTATION"": 12}","[[], [], []]"
floor12_preparation,f12_c6_guard_feast,12,9031,9031,FIVE_C6,EXCLUSIVE,GUARD,CLEARED,True,25,23,1,12,0,"{""FOOD_ADEPTUS_TEMPTATION"": 12}","[[], [], []]"
counter_preparation,f12_counter_none,12,717,717,FIVE_C0,EXCLUSIVE,COUNTER,TIMEOUT,False,12,10,0.8672389727419343,0,0,{},"[[""PLAYER_CUSTOM""]]"
counter_preparation,f12_counter_none,12,4242,4242,FIVE_C0,EXCLUSIVE,COUNTER,CLEARED,False,31,23,0.7855771572658634,0,0,{},"[[], [], [""PLAYER_CUSTOM""]]"
counter_preparation,f12_counter_none,12,9031,9031,FIVE_C0,EXCLUSIVE,COUNTER,TIMEOUT,False,12,10,0.8323240430853466,0,0,{},"[[""PLAYER_CUSTOM""]]"
counter_preparation,f12_counter_feast,12,717,717,FIVE_C0,EXCLUSIVE,COUNTER,TIMEOUT,False,34,23,0.7224436071193526,16,0,"{""FOOD_ADEPTUS_TEMPTATION"": 12, ""FOOD_HASH_BROWN"": 2, ""FOOD_SWEET_MADAME"": 2}","[[], [""PLAYER_CUSTOM""], [""PLAYER_CUSTOM""]]"
counter_preparation,f12_counter_feast,12,4242,4242,FIVE_C0,EXCLUSIVE,COUNTER,CLEARED,False,26,17,0.8491812203613233,16,0,"{""FOOD_ADEPTUS_TEMPTATION"": 12, ""FOOD_HASH_BROWN"": 2, ""FOOD_SWEET_MADAME"": 2}","[[], [""PLAYER_CUSTOM""], [""PLAYER_CUSTOM""]]"
counter_preparation,f12_counter_feast,12,9031,9031,FIVE_C0,EXCLUSIVE,COUNTER,TIMEOUT,False,12,10,0.8599439575166443,4,0,"{""FOOD_ADEPTUS_TEMPTATION"": 4}","[[""PLAYER_CUSTOM""]]"
counter_preparation,f12_counter_crit,12,717,717,FIVE_C0,EXCLUSIVE,COUNTER,TIMEOUT,False,31,31,0.8138293640748964,40,0,"{""FOOD_ADEPTUS_TEMPTATION"": 12, ""FOOD_HASH_BROWN"": 2, ""FOOD_JADE_PARCELS"": 12, ""FOOD_SATISFYING_SALAD"": 12, ""FOOD_SWEET_MADAME"": 2}","[[], [], []]"
counter_preparation,f12_counter_crit,12,4242,4242,FIVE_C0,EXCLUSIVE,COUNTER,CLEARED,False,26,17,0.7854697058697117,39,0,"{""FOOD_ADEPTUS_TEMPTATION"": 12, ""FOOD_HASH_BROWN"": 1, ""FOOD_JADE_PARCELS"": 12, ""FOOD_SATISFYING_SALAD"": 12, ""FOOD_SWEET_MADAME"": 2}","[[], [""PLAYER_CUSTOM""], [""PLAYER_CUSTOM""]]"
counter_preparation,f12_counter_crit,12,9031,9031,FIVE_C0,EXCLUSIVE,COUNTER,TIMEOUT,False,12,10,0.8599439575166443,12,0,"{""FOOD_ADEPTUS_TEMPTATION"": 4, ""FOOD_JADE_PARCELS"": 4, ""FOOD_SATISFYING_SALAD"": 4}","[[""PLAYER_CUSTOM""]]"
counter_preparation,f12_counter_all,12,717,717,FIVE_C0,EXCLUSIVE,COUNTER,TIMEOUT,False,31,23,0.7925161458295665,64,0,"{""FOOD_ADEPTUS_TEMPTATION"": 12, ""FOOD_CREAM_STEW"": 12, ""FOOD_FISHERMANS_TOAST"": 12, ""FOOD_HASH_BROWN"": 2, ""FOOD_JADE_PARCELS"": 12, ""FOOD_SATISFYING_SALAD"": 12, ""FOOD_SWEET_MADAME"": 2}","[[], [], [""PLAYER_CUSTOM""]]"
counter_preparation,f12_counter_all,12,4242,4242,FIVE_C0,EXCLUSIVE,COUNTER,CLEARED,False,26,19,0.8748477771887849,62,0,"{""FOOD_ADEPTUS_TEMPTATION"": 12, ""FOOD_CREAM_STEW"": 12, ""FOOD_FISHERMANS_TOAST"": 12, ""FOOD_HASH_BROWN"": 1, ""FOOD_JADE_PARCELS"": 12, ""FOOD_SATISFYING_SALAD"": 12, ""FOOD_SWEET_MADAME"": 1}","[[], [], [""PLAYER_CUSTOM""]]"
counter_preparation,f12_counter_all,12,9031,9031,FIVE_C0,EXCLUSIVE,COUNTER,TIMEOUT,False,12,12,0.8920358041236375,20,0,"{""FOOD_ADEPTUS_TEMPTATION"": 4, ""FOOD_CREAM_STEW"": 4, ""FOOD_FISHERMANS_TOAST"": 4, ""FOOD_JADE_PARCELS"": 4, ""FOOD_SATISFYING_SALAD"": 4}",[[]]
counter_preparation,f12_counter_crit_medicines,12,717,717,FIVE_C0,EXCLUSIVE,COUNTER,TIMEOUT,False,32,17,0.7426575348410006,39,3,"{""FOOD_ADEPTUS_TEMPTATION"": 12, ""FOOD_HASH_BROWN"": 1, ""FOOD_JADE_PARCELS"": 12, ""FOOD_SATISFYING_SALAD"": 12, ""FOOD_SWEET_MADAME"": 2, ""TRPG_HEALING_POTION"": 1, ""TRPG_MEDKIT"": 2}","[[], [""PLAYER_CUSTOM""], [""PLAYER_CUSTOM""]]"
counter_preparation,f12_counter_crit_medicines,12,4242,4242,FIVE_C0,EXCLUSIVE,COUNTER,CLEARED,False,27,21,0.815756672731701,37,2,"{""FOOD_ADEPTUS_TEMPTATION"": 12, ""FOOD_JADE_PARCELS"": 12, ""FOOD_SATISFYING_SALAD"": 12, ""FOOD_SWEET_MADAME"": 1, ""TRPG_MEDKIT"": 2}","[[], [], [""PLAYER_CUSTOM""]]"
counter_preparation,f12_counter_crit_medicines,12,9031,9031,FIVE_C0,EXCLUSIVE,COUNTER,TIMEOUT,False,12,10,0.8599439575166443,12,1,"{""FOOD_ADEPTUS_TEMPTATION"": 4, ""FOOD_JADE_PARCELS"": 4, ""FOOD_SATISFYING_SALAD"": 4, ""TRPG_MEDKIT"": 1}","[[""PLAYER_CUSTOM""]]"
counter_preparation,f10_mixed_five_c0_guard_crit,10,717,717,MIXED_FIVE_C0,EXCLUSIVE,GUARD,DEFEAT,False,13,4,0,29,0,"{""FOOD_ADEPTUS_TEMPTATION"": 8, ""FOOD_HASH_BROWN"": 2, ""FOOD_JADE_PARCELS"": 8, ""FOOD_SATISFYING_SALAD"": 8, ""FOOD_SWEET_MADAME"": 3}","[[""PLAYER_CUSTOM""], [""PLAYER_CUSTOM"", ""MOND_BARBARA"", ""LIYUE_KEQING"", ""MOND_SUCROSE""]]"
counter_preparation,f10_mixed_five_c0_guard_crit,10,4242,4242,MIXED_FIVE_C0,EXCLUSIVE,GUARD,DEFEAT,False,12,5,0,24,0,"{""FOOD_ADEPTUS_TEMPTATION"": 7, ""FOOD_HASH_BROWN"": 1, ""FOOD_JADE_PARCELS"": 7, ""FOOD_SATISFYING_SALAD"": 7, ""FOOD_SWEET_MADAME"": 2}","[[""PLAYER_CUSTOM"", ""MOND_SUCROSE""], [""PLAYER_CUSTOM"", ""MOND_BARBARA"", ""LIYUE_KEQING"", ""MOND_SUCROSE""]]"
counter_preparation,f10_mixed_five_c0_guard_crit,10,9031,9031,MIXED_FIVE_C0,EXCLUSIVE,GUARD,TIMEOUT,False,16,5,0.1646775975221469,29,0,"{""FOOD_ADEPTUS_TEMPTATION"": 8, ""FOOD_HASH_BROWN"": 2, ""FOOD_JADE_PARCELS"": 8, ""FOOD_SATISFYING_SALAD"": 8, ""FOOD_SWEET_MADAME"": 3}","[[""PLAYER_CUSTOM""], [""PLAYER_CUSTOM"", ""MOND_BARBARA"", ""MOND_SUCROSE""]]"
counter_preparation,f10_four_c0_guard_crit,10,717,717,FOUR_C0,EXCLUSIVE,GUARD,DEFEAT,False,12,4,0,30,0,"{""FOOD_ADEPTUS_TEMPTATION"": 8, ""FOOD_HASH_BROWN"": 2, ""FOOD_JADE_PARCELS"": 8, ""FOOD_SATISFYING_SALAD"": 8, ""FOOD_SWEET_MADAME"": 4}","[[""PLAYER_CUSTOM""], [""PLAYER_CUSTOM"", ""MOND_BARBARA"", ""MOND_LISA"", ""MOND_SUCROSE""]]"
counter_preparation,f10_four_c0_guard_crit,10,4242,4242,FOUR_C0,EXCLUSIVE,GUARD,DEFEAT,False,13,5,0,30,0,"{""FOOD_ADEPTUS_TEMPTATION"": 8, ""FOOD_HASH_BROWN"": 2, ""FOOD_JADE_PARCELS"": 8, ""FOOD_SATISFYING_SALAD"": 8, ""FOOD_SWEET_MADAME"": 4}","[[""PLAYER_CUSTOM""], [""PLAYER_CUSTOM"", ""MOND_BARBARA"", ""MOND_LISA"", ""MOND_SUCROSE""]]"
counter_preparation,f10_four_c0_guard_crit,10,9031,9031,FOUR_C0,EXCLUSIVE,GUARD,DEFEAT,False,16,5,0,30,0,"{""FOOD_ADEPTUS_TEMPTATION"": 8, ""FOOD_HASH_BROWN"": 2, ""FOOD_JADE_PARCELS"": 8, ""FOOD_SATISFYING_SALAD"": 8, ""FOOD_SWEET_MADAME"": 4}","[[""PLAYER_CUSTOM""], [""PLAYER_CUSTOM"", ""MOND_BARBARA"", ""MOND_LISA"", ""MOND_SUCROSE""]]"
counter_preparation,f10_four_c6_guard_crit,10,717,717,FOUR_C6,EXCLUSIVE,GUARD,CLEARED,True,11,10,0.7161409334071205,39,0,"{""FOOD_ADEPTUS_TEMPTATION"": 12, ""FOOD_JADE_PARCELS"": 12, ""FOOD_SATISFYING_SALAD"": 12, ""FOOD_SWEET_MADAME"": 3}","[[], [], []]"
counter_preparation,f10_four_c6_guard_crit,10,4242,4242,FOUR_C6,EXCLUSIVE,GUARD,TIMEOUT,False,14,8,0.3484699761969031,26,0,"{""FOOD_ADEPTUS_TEMPTATION"": 8, ""FOOD_HASH_BROWN"": 1, ""FOOD_JADE_PARCELS"": 8, ""FOOD_SATISFYING_SALAD"": 8, ""FOOD_SWEET_MADAME"": 1}","[[], [""PLAYER_CUSTOM"", ""MOND_SUCROSE""]]"
counter_preparation,f10_four_c6_guard_crit,10,9031,9031,FOUR_C6,EXCLUSIVE,GUARD,CLEARED,True,9,9,0.6852127775556929,41,0,"{""FOOD_ADEPTUS_TEMPTATION"": 12, ""FOOD_HASH_BROWN"": 1, ""FOOD_JADE_PARCELS"": 12, ""FOOD_SATISFYING_SALAD"": 12, ""FOOD_SWEET_MADAME"": 4}","[[], [], []]"
counter_preparation,f11_mixed_five_c0_guard_crit,11,717,717,MIXED_FIVE_C0,EXCLUSIVE,GUARD,CLEARED,False,14,6,0.5852636832770346,43,0,"{""FOOD_ADEPTUS_TEMPTATION"": 12, ""FOOD_HASH_BROWN"": 2, ""FOOD_JADE_PARCELS"": 12, ""FOOD_SATISFYING_SALAD"": 12, ""FOOD_SWEET_MADAME"": 5}","[[""PLAYER_CUSTOM""], [""PLAYER_CUSTOM""], [""PLAYER_CUSTOM""]]"
counter_preparation,f11_mixed_five_c0_guard_crit,11,4242,4242,MIXED_FIVE_C0,EXCLUSIVE,GUARD,CLEARED,False,12,6,0.6006700673622096,39,0,"{""FOOD_ADEPTUS_TEMPTATION"": 12, ""FOOD_HASH_BROWN"": 1, ""FOOD_JADE_PARCELS"": 12, ""FOOD_SATISFYING_SALAD"": 12, ""FOOD_SWEET_MADAME"": 2}","[[""PLAYER_CUSTOM""], [], [""PLAYER_CUSTOM""]]"
counter_preparation,f11_mixed_five_c0_guard_crit,11,9031,9031,MIXED_FIVE_C0,EXCLUSIVE,GUARD,CLEARED,False,15,9,0.731597963973943,45,0,"{""FOOD_ADEPTUS_TEMPTATION"": 12, ""FOOD_HASH_BROWN"": 4, ""FOOD_JADE_PARCELS"": 12, ""FOOD_SATISFYING_SALAD"": 12, ""FOOD_SWEET_MADAME"": 5}","[[""PLAYER_CUSTOM""], [""PLAYER_CUSTOM""], [""PLAYER_CUSTOM""]]"
counter_preparation,f11_four_c0_guard_crit,11,717,717,FOUR_C0,EXCLUSIVE,GUARD,TIMEOUT,False,13,2,0.13313411190824095,12,0,"{""FOOD_ADEPTUS_TEMPTATION"": 4, ""FOOD_JADE_PARCELS"": 4, ""FOOD_SATISFYING_SALAD"": 4}","[[""PLAYER_CUSTOM"", ""LIYUE_XIANGLING"", ""MOND_KAEYA""]]"
counter_preparation,f11_four_c0_guard_crit,11,4242,4242,FOUR_C0,EXCLUSIVE,GUARD,TIMEOUT,False,13,3,0.18098193140952548,12,0,"{""FOOD_ADEPTUS_TEMPTATION"": 4, ""FOOD_JADE_PARCELS"": 4, ""FOOD_SATISFYING_SALAD"": 4}","[[""PLAYER_CUSTOM"", ""LIYUE_XIANGLING"", ""MOND_KAEYA""]]"
counter_preparation,f11_four_c0_guard_crit,11,9031,9031,FOUR_C0,EXCLUSIVE,GUARD,TIMEOUT,False,13,3,0.1345495143947277,12,0,"{""FOOD_ADEPTUS_TEMPTATION"": 4, ""FOOD_JADE_PARCELS"": 4, ""FOOD_SATISFYING_SALAD"": 4}","[[""PLAYER_CUSTOM"", ""LIYUE_XIANGLING"", ""MOND_KAEYA""]]"
counter_preparation,f11_four_c6_guard_crit,11,717,717,FOUR_C6,EXCLUSIVE,GUARD,TIMEOUT,False,18,4,0.0819920677645818,24,0,"{""FOOD_ADEPTUS_TEMPTATION"": 7, ""FOOD_HASH_BROWN"": 1, ""FOOD_JADE_PARCELS"": 7, ""FOOD_SATISFYING_SALAD"": 7, ""FOOD_SWEET_MADAME"": 2}","[[""PLAYER_CUSTOM"", ""LIYUE_XIANGLING""], [""PLAYER_CUSTOM"", ""LIYUE_XIANGLING"", ""MOND_KAEYA""]]"
counter_preparation,f11_four_c6_guard_crit,11,4242,4242,FOUR_C6,EXCLUSIVE,GUARD,TIMEOUT,False,17,5,0.10954082975177616,25,0,"{""FOOD_ADEPTUS_TEMPTATION"": 7, ""FOOD_HASH_BROWN"": 2, ""FOOD_JADE_PARCELS"": 7, ""FOOD_SATISFYING_SALAD"": 7, ""FOOD_SWEET_MADAME"": 2}","[[""PLAYER_CUSTOM"", ""LIYUE_XIANGLING""], [""PLAYER_CUSTOM"", ""LIYUE_XIANGLING"", ""MOND_KAEYA""]]"
counter_preparation,f11_four_c6_guard_crit,11,9031,9031,FOUR_C6,EXCLUSIVE,GUARD,TIMEOUT,False,15,5,0.088991501907735,24,0,"{""FOOD_ADEPTUS_TEMPTATION"": 7, ""FOOD_HASH_BROWN"": 1, ""FOOD_JADE_PARCELS"": 7, ""FOOD_SATISFYING_SALAD"": 7, ""FOOD_SWEET_MADAME"": 2}","[[""PLAYER_CUSTOM"", ""LIYUE_XIANGLING""], [""PLAYER_CUSTOM"", ""LIYUE_XIANGLING"", ""MOND_KAEYA""]]"
roles_preparation,f12_c0_jean_support,12,717,717,FIVE_C0,EXCLUSIVE,GUARD,CLEARED,True,32,31,0.8893404980075359,38,0,"{""FOOD_ADEPTUS_TEMPTATION"": 12, ""FOOD_HASH_BROWN"": 1, ""FOOD_JADE_PARCELS"": 12, ""FOOD_SATISFYING_SALAD"": 12, ""FOOD_SWEET_MADAME"": 1}","[[], [], []]"
roles_preparation,f12_c0_jean_support,12,4242,4242,FIVE_C0,EXCLUSIVE,GUARD,CLEARED,False,32,26,0.8518889955443488,38,0,"{""FOOD_ADEPTUS_TEMPTATION"": 12, ""FOOD_HASH_BROWN"": 1, ""FOOD_JADE_PARCELS"": 12, ""FOOD_SATISFYING_SALAD"": 12, ""FOOD_SWEET_MADAME"": 1}","[[], [], [""PLAYER_CUSTOM""]]"
roles_preparation,f12_c0_jean_support,12,9031,9031,FIVE_C0,EXCLUSIVE,GUARD,TIMEOUT,False,12,12,0.9725090836122319,12,0,"{""FOOD_ADEPTUS_TEMPTATION"": 4, ""FOOD_JADE_PARCELS"": 4, ""FOOD_SATISFYING_SALAD"": 4}",[[]]
roles_preparation,f12_c0_diluc_attack,12,717,717,FIVE_C0,EXCLUSIVE,GUARD,TIMEOUT,False,33,33,0.8448698570199101,38,0,"{""FOOD_ADEPTUS_TEMPTATION"": 12, ""FOOD_HASH_BROWN"": 1, ""FOOD_JADE_PARCELS"": 12, ""FOOD_SATISFYING_SALAD"": 12, ""FOOD_SWEET_MADAME"": 1}","[[], [], []]"
roles_preparation,f12_c0_diluc_attack,12,4242,4242,FIVE_C0,EXCLUSIVE,GUARD,CLEARED,True,26,24,0.8571254602501468,38,0,"{""FOOD_ADEPTUS_TEMPTATION"": 12, ""FOOD_HASH_BROWN"": 1, ""FOOD_JADE_PARCELS"": 12, ""FOOD_SATISFYING_SALAD"": 12, ""FOOD_SWEET_MADAME"": 1}","[[], [], []]"
roles_preparation,f12_c0_diluc_attack,12,9031,9031,FIVE_C0,EXCLUSIVE,GUARD,TIMEOUT,False,12,12,0.9667185047693443,12,0,"{""FOOD_ADEPTUS_TEMPTATION"": 4, ""FOOD_JADE_PARCELS"": 4, ""FOOD_SATISFYING_SALAD"": 4}",[[]]
roles_preparation,f12_c0_balanced,12,717,717,FIVE_C0,EXCLUSIVE,GUARD,TIMEOUT,False,34,31,0.8427363655430278,38,0,"{""FOOD_ADEPTUS_TEMPTATION"": 12, ""FOOD_HASH_BROWN"": 1, ""FOOD_JADE_PARCELS"": 12, ""FOOD_SATISFYING_SALAD"": 12, ""FOOD_SWEET_MADAME"": 1}","[[], [], [""PLAYER_CUSTOM""]]"
roles_preparation,f12_c0_balanced,12,4242,4242,FIVE_C0,EXCLUSIVE,GUARD,CLEARED,True,29,26,0.8570466625596356,36,0,"{""FOOD_ADEPTUS_TEMPTATION"": 12, ""FOOD_JADE_PARCELS"": 12, ""FOOD_SATISFYING_SALAD"": 12}","[[], [], []]"
roles_preparation,f12_c0_balanced,12,9031,9031,FIVE_C0,EXCLUSIVE,GUARD,TIMEOUT,False,12,12,0.9725090836122319,12,0,"{""FOOD_ADEPTUS_TEMPTATION"": 4, ""FOOD_JADE_PARCELS"": 4, ""FOOD_SATISFYING_SALAD"": 4}",[[]]
fixed_preparation,fixed_f12_c0_guard_none_buffonly,12,717,717,FIVE_C0,EXCLUSIVE,GUARD,TIMEOUT,False,24,12,0.7205921704478886,0,0,{},"[[""PLAYER_CUSTOM""], [""PLAYER_CUSTOM""]]"
fixed_preparation,fixed_f12_c0_guard_none_buffonly,12,4242,717,FIVE_C0,EXCLUSIVE,GUARD,TIMEOUT,False,12,12,0.8838440453891272,0,0,{},[[]]
fixed_preparation,fixed_f12_c0_guard_none_buffonly,12,9031,717,FIVE_C0,EXCLUSIVE,GUARD,TIMEOUT,False,12,12,0.9537068510389018,0,0,{},[[]]
fixed_preparation,fixed_f12_c0_guard_none_healing,12,717,717,FIVE_C0,EXCLUSIVE,GUARD,TIMEOUT,False,24,18,0.863485474177521,2,0,"{""FOOD_HASH_BROWN"": 1, ""FOOD_SWEET_MADAME"": 1}","[[""PLAYER_CUSTOM""], [""PLAYER_CUSTOM""]]"
fixed_preparation,fixed_f12_c0_guard_none_healing,12,4242,717,FIVE_C0,EXCLUSIVE,GUARD,TIMEOUT,False,12,12,0.8838440453891272,0,0,{},[[]]
fixed_preparation,fixed_f12_c0_guard_none_healing,12,9031,717,FIVE_C0,EXCLUSIVE,GUARD,TIMEOUT,False,12,12,0.9537068510389018,0,0,{},[[]]
fixed_preparation,fixed_f12_c0_guard_feast_healing,12,717,717,FIVE_C0,EXCLUSIVE,GUARD,TIMEOUT,False,23,23,0.9648299354166817,9,0,"{""FOOD_ADEPTUS_TEMPTATION"": 8, ""FOOD_SWEET_MADAME"": 1}","[[], []]"
fixed_preparation,fixed_f12_c0_guard_feast_healing,12,4242,717,FIVE_C0,EXCLUSIVE,GUARD,TIMEOUT,False,12,12,0.9087661187089122,4,0,"{""FOOD_ADEPTUS_TEMPTATION"": 4}",[[]]
fixed_preparation,fixed_f12_c0_guard_feast_healing,12,9031,717,FIVE_C0,EXCLUSIVE,GUARD,TIMEOUT,False,12,12,0.9518047891459526,4,0,"{""FOOD_ADEPTUS_TEMPTATION"": 4}",[[]]
fixed_preparation,fixed_f12_c0_guard_attack_healing,12,717,717,FIVE_C0,EXCLUSIVE,GUARD,CLEARED,False,32,27,0.8573308936798028,26,0,"{""FOOD_ADEPTUS_TEMPTATION"": 12, ""FOOD_HASH_BROWN"": 1, ""FOOD_JADE_PARCELS"": 12, ""FOOD_SWEET_MADAME"": 1}","[[], [], [""PLAYER_CUSTOM""]]"
fixed_preparation,fixed_f12_c0_guard_attack_healing,12,4242,717,FIVE_C0,EXCLUSIVE,GUARD,TIMEOUT,False,12,12,0.9427139458020843,8,0,"{""FOOD_ADEPTUS_TEMPTATION"": 4, ""FOOD_JADE_PARCELS"": 4}",[[]]
fixed_preparation,fixed_f12_c0_guard_attack_healing,12,9031,717,FIVE_C0,EXCLUSIVE,GUARD,TIMEOUT,False,12,12,0.9529402405421238,8,0,"{""FOOD_ADEPTUS_TEMPTATION"": 4, ""FOOD_JADE_PARCELS"": 4}",[[]]
fixed_preparation,fixed_f12_c0_guard_crit_healing,12,717,717,FIVE_C0,EXCLUSIVE,GUARD,CLEARED,True,32,30,0.8616557340295506,38,0,"{""FOOD_ADEPTUS_TEMPTATION"": 12, ""FOOD_HASH_BROWN"": 1, ""FOOD_JADE_PARCELS"": 12, ""FOOD_SATISFYING_SALAD"": 12, ""FOOD_SWEET_MADAME"": 1}","[[], [], []]"
fixed_preparation,fixed_f12_c0_guard_crit_healing,12,4242,717,FIVE_C0,EXCLUSIVE,GUARD,TIMEOUT,False,12,12,0.947906647091581,12,0,"{""FOOD_ADEPTUS_TEMPTATION"": 4, ""FOOD_JADE_PARCELS"": 4, ""FOOD_SATISFYING_SALAD"": 4}",[[]]
fixed_preparation,fixed_f12_c0_guard_crit_healing,12,9031,717,FIVE_C0,EXCLUSIVE,GUARD,TIMEOUT,False,12,12,0.952231487441329,12,0,"{""FOOD_ADEPTUS_TEMPTATION"": 4, ""FOOD_JADE_PARCELS"": 4, ""FOOD_SATISFYING_SALAD"": 4}",[[]]
fixed_preparation,fixed_f12_c0_guard_all_healing,12,717,717,FIVE_C0,EXCLUSIVE,GUARD,CLEARED,True,32,30,0.8782752710257393,62,0,"{""FOOD_ADEPTUS_TEMPTATION"": 12, ""FOOD_CREAM_STEW"": 12, ""FOOD_FISHERMANS_TOAST"": 12, ""FOOD_HASH_BROWN"": 1, ""FOOD_JADE_PARCELS"": 12, ""FOOD_SATISFYING_SALAD"": 12, ""FOOD_SWEET_MADAME"": 1}","[[], [], []]"
fixed_preparation,fixed_f12_c0_guard_all_healing,12,4242,717,FIVE_C0,EXCLUSIVE,GUARD,TIMEOUT,False,12,12,0.9684098617931454,20,0,"{""FOOD_ADEPTUS_TEMPTATION"": 4, ""FOOD_CREAM_STEW"": 4, ""FOOD_FISHERMANS_TOAST"": 4, ""FOOD_JADE_PARCELS"": 4, ""FOOD_SATISFYING_SALAD"": 4}",[[]]
fixed_preparation,fixed_f12_c0_guard_all_healing,12,9031,717,FIVE_C0,EXCLUSIVE,GUARD,TIMEOUT,False,12,12,0.9624722465303643,20,0,"{""FOOD_ADEPTUS_TEMPTATION"": 4, ""FOOD_CREAM_STEW"": 4, ""FOOD_FISHERMANS_TOAST"": 4, ""FOOD_JADE_PARCELS"": 4, ""FOOD_SATISFYING_SALAD"": 4}",[[]]
release_floor10_11,f10_mixed_exclusive_none,10,717,717,MIXED_FIVE_C0,EXCLUSIVE,E_FIRST,DEFEAT,False,8,2,0,0,0,{},"[[""PLAYER_CUSTOM""], [""PLAYER_CUSTOM"", ""MOND_MONA"", ""LIYUE_KEQING"", ""MOND_SUCROSE""]]"
release_floor10_11,f10_mixed_exclusive_none,10,4242,4242,MIXED_FIVE_C0,EXCLUSIVE,E_FIRST,DEFEAT,False,10,3,0,0,0,{},"[[""PLAYER_CUSTOM""], [""PLAYER_CUSTOM"", ""MOND_MONA"", ""LIYUE_KEQING"", ""MOND_SUCROSE""]]"
release_floor10_11,f10_mixed_exclusive_none,10,9031,9031,MIXED_FIVE_C0,EXCLUSIVE,E_FIRST,DEFEAT,False,10,3,0,0,0,{},"[[""PLAYER_CUSTOM""], [""PLAYER_CUSTOM"", ""MOND_MONA"", ""LIYUE_KEQING"", ""MOND_SUCROSE""]]"
release_floor10_11,f10_mixed_exclusive_buff_only,10,717,717,MIXED_FIVE_C0,EXCLUSIVE,E_FIRST,DEFEAT,False,10,2,0,8,0,"{""FOOD_ADEPTUS_TEMPTATION"": 8}","[[""PLAYER_CUSTOM""], [""PLAYER_CUSTOM"", ""MOND_MONA"", ""LIYUE_KEQING"", ""MOND_SUCROSE""]]"
release_floor10_11,f10_mixed_exclusive_buff_only,10,4242,4242,MIXED_FIVE_C0,EXCLUSIVE,E_FIRST,DEFEAT,False,10,3,0,8,0,"{""FOOD_ADEPTUS_TEMPTATION"": 8}","[[""PLAYER_CUSTOM""], [""PLAYER_CUSTOM"", ""MOND_MONA"", ""LIYUE_KEQING"", ""MOND_SUCROSE""]]"
release_floor10_11,f10_mixed_exclusive_buff_only,10,9031,9031,MIXED_FIVE_C0,EXCLUSIVE,E_FIRST,DEFEAT,False,10,3,0,8,0,"{""FOOD_ADEPTUS_TEMPTATION"": 8}","[[""PLAYER_CUSTOM""], [""PLAYER_CUSTOM"", ""MOND_MONA"", ""LIYUE_KEQING"", ""MOND_SUCROSE""]]"
release_floor10_11,f10_mixed_exclusive_meals,10,717,717,MIXED_FIVE_C0,EXCLUSIVE,E_FIRST,TIMEOUT,False,14,2,0.016660982088410697,12,0,"{""FOOD_ADEPTUS_TEMPTATION"": 8, ""FOOD_HASH_BROWN"": 2, ""FOOD_SWEET_MADAME"": 2}","[[""PLAYER_CUSTOM""], [""PLAYER_CUSTOM"", ""MOND_MONA"", ""MOND_SUCROSE""]]"
release_floor10_11,f10_mixed_exclusive_meals,10,4242,4242,MIXED_FIVE_C0,EXCLUSIVE,E_FIRST,DEFEAT,False,11,3,0,11,0,"{""FOOD_ADEPTUS_TEMPTATION"": 8, ""FOOD_HASH_BROWN"": 1, ""FOOD_SWEET_MADAME"": 2}","[[""PLAYER_CUSTOM""], [""PLAYER_CUSTOM"", ""MOND_MONA"", ""LIYUE_KEQING"", ""MOND_SUCROSE""]]"
release_floor10_11,f10_mixed_exclusive_meals,10,9031,9031,MIXED_FIVE_C0,EXCLUSIVE,E_FIRST,DEFEAT,False,12,3,0,12,0,"{""FOOD_ADEPTUS_TEMPTATION"": 8, ""FOOD_HASH_BROWN"": 2, ""FOOD_SWEET_MADAME"": 2}","[[""PLAYER_CUSTOM""], [""PLAYER_CUSTOM"", ""MOND_MONA"", ""LIYUE_KEQING"", ""MOND_SUCROSE""]]"
release_floor10_11,f10_mixed_poor_none,10,717,717,MIXED_FIVE_C0,POOR,E_FIRST,DEFEAT,False,9,2,0,0,0,{},"[[""PLAYER_CUSTOM"", ""MOND_MONA"", ""LIYUE_KEQING"", ""MOND_SUCROSE""]]"
release_floor10_11,f10_mixed_poor_none,10,4242,4242,MIXED_FIVE_C0,POOR,E_FIRST,DEFEAT,False,8,2,0,0,0,{},"[[""PLAYER_CUSTOM"", ""MOND_MONA"", ""LIYUE_KEQING"", ""MOND_SUCROSE""]]"
release_floor10_11,f10_mixed_poor_none,10,9031,9031,MIXED_FIVE_C0,POOR,E_FIRST,DEFEAT,False,8,1,0,0,0,{},"[[""PLAYER_CUSTOM"", ""MOND_MONA"", ""LIYUE_KEQING"", ""MOND_SUCROSE""]]"
release_floor10_11,f10_four_c0_exclusive_meals,10,717,717,FOUR_C0,EXCLUSIVE,E_FIRST,DEFEAT,False,9,2,0,9,0,"{""FOOD_ADEPTUS_TEMPTATION"": 6, ""FOOD_HASH_BROWN"": 1, ""FOOD_SWEET_MADAME"": 2}","[[""PLAYER_CUSTOM"", ""MOND_LISA"", ""MOND_SUCROSE""], [""PLAYER_CUSTOM"", ""MOND_BARBARA"", ""MOND_LISA"", ""MOND_SUCROSE""]]"
release_floor10_11,f10_four_c0_exclusive_meals,10,4242,4242,FOUR_C0,EXCLUSIVE,E_FIRST,DEFEAT,False,9,2,0,9,0,"{""FOOD_ADEPTUS_TEMPTATION"": 6, ""FOOD_HASH_BROWN"": 1, ""FOOD_SWEET_MADAME"": 2}","[[""PLAYER_CUSTOM"", ""MOND_LISA"", ""MOND_SUCROSE""], [""PLAYER_CUSTOM"", ""MOND_BARBARA"", ""MOND_LISA"", ""MOND_SUCROSE""]]"
release_floor10_11,f10_four_c0_exclusive_meals,10,9031,9031,FOUR_C0,EXCLUSIVE,E_FIRST,DEFEAT,False,9,2,0,10,0,"{""FOOD_ADEPTUS_TEMPTATION"": 6, ""FOOD_HASH_BROWN"": 2, ""FOOD_SWEET_MADAME"": 2}","[[""PLAYER_CUSTOM"", ""MOND_LISA"", ""MOND_SUCROSE""], [""PLAYER_CUSTOM"", ""MOND_BARBARA"", ""MOND_LISA"", ""MOND_SUCROSE""]]"
release_floor10_11,f10_four_c6_exclusive_meals,10,717,717,FOUR_C6,EXCLUSIVE,E_FIRST,CLEARED,False,10,6,0.5566254688556846,18,0,"{""FOOD_ADEPTUS_TEMPTATION"": 12, ""FOOD_HASH_BROWN"": 2, ""FOOD_SWEET_MADAME"": 4}","[[""PLAYER_CUSTOM""], [""PLAYER_CUSTOM""], [""PLAYER_CUSTOM""]]"
release_floor10_11,f10_four_c6_exclusive_meals,10,4242,4242,FOUR_C6,EXCLUSIVE,E_FIRST,TIMEOUT,False,18,8,0.33475252141051753,18,0,"{""FOOD_ADEPTUS_TEMPTATION"": 12, ""FOOD_HASH_BROWN"": 2, ""FOOD_SWEET_MADAME"": 4}","[[], [""PLAYER_CUSTOM""], [""PLAYER_CUSTOM"", ""MOND_SUCROSE""]]"
release_floor10_11,f10_four_c6_exclusive_meals,10,9031,9031,FOUR_C6,EXCLUSIVE,E_FIRST,CLEARED,False,9,8,0.6728446657217962,16,0,"{""FOOD_ADEPTUS_TEMPTATION"": 12, ""FOOD_HASH_BROWN"": 2, ""FOOD_SWEET_MADAME"": 2}","[[], [""PLAYER_CUSTOM""], [""PLAYER_CUSTOM""]]"
release_floor10_11,f11_mixed_exclusive_none,11,717,717,MIXED_FIVE_C0,EXCLUSIVE,E_FIRST,CLEARED,False,17,4,0.09355698357382865,0,0,{},"[[""PLAYER_CUSTOM""], [""PLAYER_CUSTOM"", ""LIYUE_NINGGUANG""], [""PLAYER_CUSTOM"", ""LIYUE_GANYU"", ""LIYUE_NINGGUANG""]]"
release_floor10_11,f11_mixed_exclusive_none,11,4242,4242,MIXED_FIVE_C0,EXCLUSIVE,E_FIRST,DEFEAT,False,12,3,0,0,0,{},"[[""PLAYER_CUSTOM""], [""PLAYER_CUSTOM"", ""LIYUE_HUTAO"", ""LIYUE_GANYU"", ""LIYUE_NINGGUANG""]]"
release_floor10_11,f11_mixed_exclusive_none,11,9031,9031,MIXED_FIVE_C0,EXCLUSIVE,E_FIRST,DEFEAT,False,16,4,0,0,0,{},"[[""PLAYER_CUSTOM""], [""PLAYER_CUSTOM"", ""LIYUE_NINGGUANG""], [""PLAYER_CUSTOM"", ""LIYUE_HUTAO"", ""LIYUE_GANYU"", ""LIYUE_NINGGUANG""]]"
release_floor10_11,f11_mixed_exclusive_buff_only,11,717,717,MIXED_FIVE_C0,EXCLUSIVE,E_FIRST,DEFEAT,False,19,4,0,12,0,"{""FOOD_ADEPTUS_TEMPTATION"": 12}","[[""PLAYER_CUSTOM""], [""PLAYER_CUSTOM""], [""PLAYER_CUSTOM"", ""LIYUE_HUTAO"", ""LIYUE_GANYU"", ""LIYUE_NINGGUANG""]]"
release_floor10_11,f11_mixed_exclusive_buff_only,11,4242,4242,MIXED_FIVE_C0,EXCLUSIVE,E_FIRST,DEFEAT,False,11,3,0,8,0,"{""FOOD_ADEPTUS_TEMPTATION"": 8}","[[""PLAYER_CUSTOM""], [""PLAYER_CUSTOM"", ""LIYUE_HUTAO"", ""LIYUE_GANYU"", ""LIYUE_NINGGUANG""]]"
release_floor10_11,f11_mixed_exclusive_buff_only,11,9031,9031,MIXED_FIVE_C0,EXCLUSIVE,E_FIRST,CLEARED,False,12,4,0.41125792300727027,12,0,"{""FOOD_ADEPTUS_TEMPTATION"": 12}","[[""PLAYER_CUSTOM""], [""PLAYER_CUSTOM""], [""PLAYER_CUSTOM"", ""LIYUE_NINGGUANG""]]"
release_floor10_11,f11_mixed_exclusive_meals,11,717,717,MIXED_FIVE_C0,EXCLUSIVE,E_FIRST,CLEARED,False,13,6,0.7409424326420021,21,0,"{""FOOD_ADEPTUS_TEMPTATION"": 12, ""FOOD_HASH_BROWN"": 4, ""FOOD_SWEET_MADAME"": 5}","[[""PLAYER_CUSTOM""], [""PLAYER_CUSTOM""], [""PLAYER_CUSTOM""]]"
release_floor10_11,f11_mixed_exclusive_meals,11,4242,4242,MIXED_FIVE_C0,EXCLUSIVE,E_FIRST,CLEARED,False,17,5,0.3119990046744752,19,0,"{""FOOD_ADEPTUS_TEMPTATION"": 11, ""FOOD_HASH_BROWN"": 4, ""FOOD_SWEET_MADAME"": 4}","[[""PLAYER_CUSTOM""], [""PLAYER_CUSTOM"", ""LIYUE_NINGGUANG""], [""PLAYER_CUSTOM"", ""LIYUE_GANYU"", ""LIYUE_NINGGUANG""]]"
release_floor10_11,f11_mixed_exclusive_meals,11,9031,9031,MIXED_FIVE_C0,EXCLUSIVE,E_FIRST,CLEARED,False,10,6,0.8012940545577621,18,0,"{""FOOD_ADEPTUS_TEMPTATION"": 12, ""FOOD_HASH_BROWN"": 2, ""FOOD_SWEET_MADAME"": 4}","[[""PLAYER_CUSTOM""], [""PLAYER_CUSTOM""], [""PLAYER_CUSTOM""]]"
release_floor10_11,f11_mixed_poor_none,11,717,717,MIXED_FIVE_C0,POOR,E_FIRST,DEFEAT,False,11,2,0,0,0,{},"[[""PLAYER_CUSTOM"", ""LIYUE_HUTAO"", ""LIYUE_GANYU"", ""LIYUE_NINGGUANG""]]"
release_floor10_11,f11_mixed_poor_none,11,4242,4242,MIXED_FIVE_C0,POOR,E_FIRST,DEFEAT,False,11,2,0,0,0,{},"[[""PLAYER_CUSTOM"", ""LIYUE_HUTAO"", ""LIYUE_GANYU"", ""LIYUE_NINGGUANG""]]"
release_floor10_11,f11_mixed_poor_none,11,9031,9031,MIXED_FIVE_C0,POOR,E_FIRST,DEFEAT,False,11,2,0,0,0,{},"[[""PLAYER_CUSTOM"", ""LIYUE_HUTAO"", ""LIYUE_GANYU"", ""LIYUE_NINGGUANG""]]"
release_floor10_11,f11_four_c0_exclusive_meals,11,717,717,FOUR_C0,EXCLUSIVE,E_FIRST,DEFEAT,False,16,3,0,11,0,"{""FOOD_ADEPTUS_TEMPTATION"": 7, ""FOOD_HASH_BROWN"": 2, ""FOOD_SWEET_MADAME"": 2}","[[""PLAYER_CUSTOM"", ""LIYUE_XIANGLING""], [""PLAYER_CUSTOM"", ""LIYUE_XIANGLING"", ""MOND_KAEYA"", ""LIYUE_NINGGUANG""]]"
release_floor10_11,f11_four_c0_exclusive_meals,11,4242,4242,FOUR_C0,EXCLUSIVE,E_FIRST,DEFEAT,False,22,5,0,24,0,"{""FOOD_ADEPTUS_TEMPTATION"": 11, ""FOOD_HASH_BROWN"": 6, ""FOOD_SWEET_MADAME"": 7}","[[""PLAYER_CUSTOM""], [""PLAYER_CUSTOM"", ""LIYUE_NINGGUANG""], [""PLAYER_CUSTOM"", ""LIYUE_XIANGLING"", ""MOND_KAEYA"", ""LIYUE_NINGGUANG""]]"
release_floor10_11,f11_four_c0_exclusive_meals,11,9031,9031,FOUR_C0,EXCLUSIVE,E_FIRST,DEFEAT,False,14,3,0,11,0,"{""FOOD_ADEPTUS_TEMPTATION"": 7, ""FOOD_HASH_BROWN"": 2, ""FOOD_SWEET_MADAME"": 2}","[[""PLAYER_CUSTOM"", ""LIYUE_XIANGLING""], [""PLAYER_CUSTOM"", ""LIYUE_XIANGLING"", ""MOND_KAEYA"", ""LIYUE_NINGGUANG""]]"
release_floor10_11,f11_four_c6_exclusive_meals,11,717,717,FOUR_C6,EXCLUSIVE,E_FIRST,DEFEAT,False,18,6,0,18,0,"{""FOOD_ADEPTUS_TEMPTATION"": 11, ""FOOD_HASH_BROWN"": 3, ""FOOD_SWEET_MADAME"": 4}","[[""PLAYER_CUSTOM""], [""PLAYER_CUSTOM"", ""LIYUE_XIANGLING""], [""PLAYER_CUSTOM"", ""LIYUE_XIANGLING"", ""MOND_KAEYA"", ""LIYUE_NINGGUANG""]]"
release_floor10_11,f11_four_c6_exclusive_meals,11,4242,4242,FOUR_C6,EXCLUSIVE,E_FIRST,CLEARED,False,14,6,0.6463139534883721,22,0,"{""FOOD_ADEPTUS_TEMPTATION"": 12, ""FOOD_HASH_BROWN"": 4, ""FOOD_SWEET_MADAME"": 6}","[[""PLAYER_CUSTOM""], [""PLAYER_CUSTOM""], [""PLAYER_CUSTOM""]]"
release_floor10_11,f11_four_c6_exclusive_meals,11,9031,9031,FOUR_C6,EXCLUSIVE,E_FIRST,CLEARED,False,17,6,0.22326762246117085,16,0,"{""FOOD_ADEPTUS_TEMPTATION"": 11, ""FOOD_HASH_BROWN"": 2, ""FOOD_SWEET_MADAME"": 3}","[[""PLAYER_CUSTOM""], [""PLAYER_CUSTOM"", ""LIYUE_XIANGLING""], [""PLAYER_CUSTOM"", ""LIYUE_XIANGLING""]]"
last_pyro,f12_hutao_none,12,717,717,FIVE_C0,EXCLUSIVE,GUARD,TIMEOUT,False,12,8,0.8567297485266664,0,0,{},"[[""PLAYER_CUSTOM""]]"
last_pyro,f12_hutao_none,12,4242,4242,FIVE_C0,EXCLUSIVE,GUARD,TIMEOUT,False,12,12,0.8936935369266686,0,0,{},[[]]
last_pyro,f12_hutao_none,12,9031,9031,FIVE_C0,EXCLUSIVE,GUARD,TIMEOUT,False,12,12,0.9009429856376033,0,0,{},[[]]
last_pyro,f12_hutao_crit_healing,12,717,717,FIVE_C0,EXCLUSIVE,GUARD,TIMEOUT,False,12,8,0.8570152641019071,12,0,"{""FOOD_ADEPTUS_TEMPTATION"": 4, ""FOOD_JADE_PARCELS"": 4, ""FOOD_SATISFYING_SALAD"": 4}","[[""PLAYER_CUSTOM""]]"
last_pyro,f12_hutao_crit_healing,12,4242,4242,FIVE_C0,EXCLUSIVE,GUARD,TIMEOUT,False,34,34,0.8488130972578704,40,0,"{""FOOD_ADEPTUS_TEMPTATION"": 12, ""FOOD_HASH_BROWN"": 2, ""FOOD_JADE_PARCELS"": 12, ""FOOD_SATISFYING_SALAD"": 12, ""FOOD_SWEET_MADAME"": 2}","[[], [], []]"
last_pyro,f12_hutao_crit_healing,12,9031,9031,FIVE_C0,EXCLUSIVE,GUARD,TIMEOUT,False,23,21,0.85192949368925,26,0,"{""FOOD_ADEPTUS_TEMPTATION"": 8, ""FOOD_HASH_BROWN"": 1, ""FOOD_JADE_PARCELS"": 8, ""FOOD_SATISFYING_SALAD"": 8, ""FOOD_SWEET_MADAME"": 1}","[[], [""PLAYER_CUSTOM""]]"
last_pyro,f12_xiangling_c6_crit_healing,12,717,717,MIXED_FIVE_C0_FOUR_C6,EXCLUSIVE,GUARD,TIMEOUT,False,32,23,0.4615201919042379,38,0,"{""FOOD_ADEPTUS_TEMPTATION"": 12, ""FOOD_HASH_BROWN"": 1, ""FOOD_JADE_PARCELS"": 12, ""FOOD_SATISFYING_SALAD"": 12, ""FOOD_SWEET_MADAME"": 1}","[[], [""PLAYER_CUSTOM""], [""PLAYER_CUSTOM"", ""LIYUE_XIANGLING""]]"
last_pyro,f12_xiangling_c6_crit_healing,12,4242,4242,MIXED_FIVE_C0_FOUR_C6,EXCLUSIVE,GUARD,CLEARED,True,31,30,0.8302178000626763,40,0,"{""FOOD_ADEPTUS_TEMPTATION"": 12, ""FOOD_HASH_BROWN"": 2, ""FOOD_JADE_PARCELS"": 12, ""FOOD_SATISFYING_SALAD"": 12, ""FOOD_SWEET_MADAME"": 2}","[[], [], []]"
last_pyro,f12_xiangling_c6_crit_healing,12,9031,9031,MIXED_FIVE_C0_FOUR_C6,EXCLUSIVE,GUARD,CLEARED,False,30,26,0.9076390361105222,40,0,"{""FOOD_ADEPTUS_TEMPTATION"": 12, ""FOOD_HASH_BROWN"": 2, ""FOOD_JADE_PARCELS"": 12, ""FOOD_SATISFYING_SALAD"": 12, ""FOOD_SWEET_MADAME"": 2}","[[], [""PLAYER_CUSTOM""], []]"
